/*
    Script SQL to create and populate the database mondial for the course LINGI2172, given by Prof. Siegfried Nijssen at UCL, Belgium, 2017-2018.
    Original version of the database can be found at https://www.dbis.informatik.uni-goettingen.de/Mondial/
    Author : Benoît Duhoux
    Date : 23/01/2018

    To generate the binary file, use the command `sqlite3 mondial_missions.db < mondial_missions.sql`
*/

BEGIN TRANSACTION;

/* CREATION OF RELATIONS */
-- CREATE : Country
DROP TABLE IF EXISTS Country;
CREATE TABLE Country (
    code       VARCHAR (4),
    name       VARCHAR (35) NOT NULL UNIQUE,
    capital    VARCHAR (35),
    area       FLOAT,
    population INT,
    PRIMARY KEY (code),
    CONSTRAINT CountryArea CHECK (area >= 0),
    CONSTRAINT CountryPopulation CHECK (population >= 0) 
);

-- CREATE : Borders
DROP TABLE IF EXISTS Borders;
CREATE TABLE Borders (
    country1 VARCHAR (4),
    country2 VARCHAR (4),
    length   FLOAT,
    PRIMARY KEY (country1, country2),
    FOREIGN KEY (country1) REFERENCES Country(code),
    FOREIGN KEY (country2) REFERENCES Country(code),
    CONSTRAINT BordersLength CHECK (length >= 0)
);

-- CREATE : Language
DROP TABLE IF EXISTS Language;
CREATE TABLE Language (
    name       VARCHAR (50),
    country    VARCHAR (4),
    percentage FLOAT,
    PRIMARY KEY (name, country),
    FOREIGN KEY (country) REFERENCES Country(code),
    CONSTRAINT LanguagePercentage CHECK ( (percentage > 0) AND 
                                       (percentage <= 100) ) 
);

-- CREATE : EthnicGroup
DROP TABLE IF EXISTS EthnicGroup;
CREATE TABLE EthnicGroup (
    name       VARCHAR (50),
    country    VARCHAR (4),
    percentage FLOAT,
    PRIMARY KEY (name, country),
    FOREIGN KEY (country) REFERENCES Country(code),
    CONSTRAINT EthnicPercentage CHECK ( (percentage > 0) AND 
                                     (percentage <= 100) ) 
);

-- CREATE : Independence
DROP TABLE IF EXISTS Independence;
CREATE TABLE Independence (
    country         VARCHAR (4),
    Independence    DATE,
    PRIMARY KEY (country),
    FOREIGN KEY (country) REFERENCES Country(code)
);

-- CREATE : Continent
DROP TABLE IF EXISTS Continent;
CREATE TABLE Continent (
    name VARCHAR (20),
    area FLOAT (10),
    PRIMARY KEY (name),
    CONSTRAINT ContinentArea CHECK (area >= 0)
);

-- CREATE : Encompasses
DROP TABLE IF EXISTS Encompasses;
CREATE TABLE Encompasses (
    country    VARCHAR (4),
    continent  VARCHAR (20),
    percentage FLOAT    CHECK ( (percentage > 0) AND 
                                (percentage <= 100) ),
    PRIMARY KEY (country, continent), 
    FOREIGN KEY (country) REFERENCES Country(code),
    FOREIGN KEY (continent) REFERENCES Continent(name)
);

-- CREATE : Province
DROP TABLE IF EXISTS Province;
CREATE TABLE Province (
    name       VARCHAR (35),
    country    VARCHAR (4),
    population INT,
    area       FLOAT,
    capital    VARCHAR (35),
    PRIMARY KEY (name, country),
    FOREIGN KEY (country) REFERENCES Country(code),
    CONSTRAINT ProvincePopulation CHECK (population >= 0),
    CONSTRAINT ProvinceArea CHECK (area >= 0) 
);

-- CREATE : Mountain
DROP TABLE IF EXISTS Mountain;
CREATE TABLE Mountain (
    name      VARCHAR (35),
    mountains VARCHAR (35),
    height    FLOAT,
    PRIMARY KEY (name),
    CONSTRAINT MountainHeight CHECK (height >= 0) 
);

-- CREATE : GeoMountain
DROP TABLE IF EXISTS GeoMountain;
CREATE TABLE GeoMountain (
    mountain  VARCHAR (35),
    country   VARCHAR (4),
    province  VARCHAR (35),
    PRIMARY KEY (mountain, country, province),
    FOREIGN KEY (mountain) REFERENCES Mountain(name),
    FOREIGN KEY (country) REFERENCES Province(country),
    FOREIGN KEY (province) REFERENCES Province(name)
);

/* INSERTIONS TO POPULATE RELATIONS */
-- INSERT : Country
INSERT INTO Country (code, name, capital, area, population) VALUES ('AL', 'Albania', 'Tirane', 28750, 3249136);
INSERT INTO Country (code, name, capital, area, population) VALUES ('GR', 'Greece', 'Athens', 131940, 10538594);
INSERT INTO Country (code, name, capital, area, population) VALUES ('MK', 'Macedonia', 'Skopje', 25333, 2104035);
INSERT INTO Country (code, name, capital, area, population) VALUES ('SRB', 'Serbia', 'Belgrade', 77474, 7379339);
INSERT INTO Country (code, name, capital, area, population) VALUES ('MNE', 'Montenegro', 'Podgorica', 14026, 672180);
INSERT INTO Country (code, name, capital, area, population) VALUES ('KOS', 'Kosovo', 'Pristina', 10887, 1804838);
INSERT INTO Country (code, name, capital, area, population) VALUES ('AND', 'Andorra', 'Andorra la Vella', 450, 72766);
INSERT INTO Country (code, name, capital, area, population) VALUES ('F', 'France', 'Paris', 547030, 58317450);
INSERT INTO Country (code, name, capital, area, population) VALUES ('E', 'Spain', 'Madrid', 504750, 39181114);
INSERT INTO Country (code, name, capital, area, population) VALUES ('A', 'Austria', 'Vienna', 83850, 8023244);
INSERT INTO Country (code, name, capital, area, population) VALUES ('CZ', 'Czech Republic', 'Prague', 78703, 10321120);
INSERT INTO Country (code, name, capital, area, population) VALUES ('D', 'Germany', 'Berlin', 356910, 83536115);
INSERT INTO Country (code, name, capital, area, population) VALUES ('H', 'Hungary', 'Budapest', 93030, 10002541);
INSERT INTO Country (code, name, capital, area, population) VALUES ('I', 'Italy', 'Rome', 301230, 57460274);
INSERT INTO Country (code, name, capital, area, population) VALUES ('FL', 'Liechtenstein', 'Vaduz', 160, 31122);
INSERT INTO Country (code, name, capital, area, population) VALUES ('SK', 'Slovakia', 'Bratislava', 48845, 5374362);
INSERT INTO Country (code, name, capital, area, population) VALUES ('SLO', 'Slovenia', 'Ljubljana', 20256, 1951443);
INSERT INTO Country (code, name, capital, area, population) VALUES ('CH', 'Switzerland', 'Bern', 41290, 7207060);
INSERT INTO Country (code, name, capital, area, population) VALUES ('BY', 'Belarus', 'Minsk', 207600, 10415973);
INSERT INTO Country (code, name, capital, area, population) VALUES ('LV', 'Latvia', 'Riga', 64100, 2468982);
INSERT INTO Country (code, name, capital, area, population) VALUES ('LT', 'Lithuania', 'Vilnius', 65200, 3646041);
INSERT INTO Country (code, name, capital, area, population) VALUES ('PL', 'Poland', 'Warsaw', 312683, 38642565);
INSERT INTO Country (code, name, capital, area, population) VALUES ('UA', 'Ukraine', 'Kiev', 603700, 50864009);
INSERT INTO Country (code, name, capital, area, population) VALUES ('R', 'Russia', 'Moscow', 17075200, 148178487);
INSERT INTO Country (code, name, capital, area, population) VALUES ('B', 'Belgium', 'Brussels', 30510, 10170241);
INSERT INTO Country (code, name, capital, area, population) VALUES ('L', 'Luxembourg', 'Luxembourg', 2586, 415870);
INSERT INTO Country (code, name, capital, area, population) VALUES ('NL', 'Netherlands', 'Amsterdam', 37330, 15568034);
INSERT INTO Country (code, name, capital, area, population) VALUES ('BIH', 'Bosnia and Herzegovina', 'Sarajevo', 51233, 2656240);
INSERT INTO Country (code, name, capital, area, population) VALUES ('HR', 'Croatia', 'Zagreb', 56538, 5004112);
INSERT INTO Country (code, name, capital, area, population) VALUES ('BG', 'Bulgaria', 'Sofia', 110910, 8612757);
INSERT INTO Country (code, name, capital, area, population) VALUES ('RO', 'Romania', 'Bucharest', 237500, 21657162);
INSERT INTO Country (code, name, capital, area, population) VALUES ('TR', 'Turkey', 'Ankara', 780580, 62484478);
INSERT INTO Country (code, name, capital, area, population) VALUES ('DK', 'Denmark', 'Copenhagen', 43070, 5249632);
INSERT INTO Country (code, name, capital, area, population) VALUES ('EW', 'Estonia', 'Tallinn', 45100, 1459428);
INSERT INTO Country (code, name, capital, area, population) VALUES ('FARX', 'Faroe Islands', 'Torshavn', 1400, 43857);
INSERT INTO Country (code, name, capital, area, population) VALUES ('SF', 'Finland', 'Helsinki', 337030, 5105230);
INSERT INTO Country (code, name, capital, area, population) VALUES ('N', 'Norway', 'Oslo', 324220, 4383807);
INSERT INTO Country (code, name, capital, area, population) VALUES ('S', 'Sweden', 'Stockholm', 449964, 8900954);
INSERT INTO Country (code, name, capital, area, population) VALUES ('MC', 'Monaco', 'Monaco', 1.9, 31719);
INSERT INTO Country (code, name, capital, area, population) VALUES ('GBZ', 'Gibraltar', 'Gibraltar', 6.5, 28765);
INSERT INTO Country (code, name, capital, area, population) VALUES ('GBG', 'Guernsey', 'Saint Peter Port', 194, 62920);
INSERT INTO Country (code, name, capital, area, population) VALUES ('V', 'Holy See', 'Vatican City', 0.44, 840);
INSERT INTO Country (code, name, capital, area, population) VALUES ('IS', 'Iceland', 'Reykjavik', 103000, 270292);
INSERT INTO Country (code, name, capital, area, population) VALUES ('IRL', 'Ireland', 'Dublin', 70280, 3566833);
INSERT INTO Country (code, name, capital, area, population) VALUES ('RSM', 'San Marino', 'San Marino', 60, 24521);
INSERT INTO Country (code, name, capital, area, population) VALUES ('GBJ', 'Jersey', 'Saint Helier', 117, 87848);
INSERT INTO Country (code, name, capital, area, population) VALUES ('M', 'Malta', 'Valletta', 320, 375576);
INSERT INTO Country (code, name, capital, area, population) VALUES ('GBM', 'Man', 'Douglas', 588, 73837);
INSERT INTO Country (code, name, capital, area, population) VALUES ('MD', 'Moldova', 'Chisinau', 33700, 4463847);
INSERT INTO Country (code, name, capital, area, population) VALUES ('P', 'Portugal', 'Lisbon', 92080, 9865114);
INSERT INTO Country (code, name, capital, area, population) VALUES ('SVAX', 'Svalbard', 'Longyearbyen', 62049, 2116);
INSERT INTO Country (code, name, capital, area, population) VALUES ('GB', 'United Kingdom', 'London', 244820, 58489975);
INSERT INTO Country (code, name, capital, area, population) VALUES ('AFG', 'Afghanistan', 'Kabul', 647500, 22664136);
INSERT INTO Country (code, name, capital, area, population) VALUES ('TJ', 'China', 'Beijing', 9596960, 1210004956);
INSERT INTO Country (code, name, capital, area, population) VALUES ('IR', 'Iran', 'Tehran', 1648000, 66094264);
INSERT INTO Country (code, name, capital, area, population) VALUES ('PK', 'Pakistan', 'Islamabad', 803940, 129275660);
INSERT INTO Country (code, name, capital, area, population) VALUES ('TAD', 'Tajikistan', 'Dushanbe', 143100, 5916373);
INSERT INTO Country (code, name, capital, area, population) VALUES ('TM', 'Turkmenistan', 'Ashgabat', 488100, 4149283);
INSERT INTO Country (code, name, capital, area, population) VALUES ('UZB', 'Uzbekistan', 'Tashkent', 447400, 23418381);
INSERT INTO Country (code, name, capital, area, population) VALUES ('ARM', 'Armenia', 'Yerevan', 29800, 3463574);
INSERT INTO Country (code, name, capital, area, population) VALUES ('GE', 'Georgia', 'Tbilisi', 69700, 5219810);
INSERT INTO Country (code, name, capital, area, population) VALUES ('AZ', 'Azerbaijan', 'Baku', 86600, 7676953);
INSERT INTO Country (code, name, capital, area, population) VALUES ('BRN', 'Bahrain', 'Manama', 620, 590042);
INSERT INTO Country (code, name, capital, area, population) VALUES ('BD', 'Bangladesh', 'Dhaka', 144000, 123062800);
INSERT INTO Country (code, name, capital, area, population) VALUES ('MYA', 'Myanmar', 'Rangoon', 678500, 45975625);
INSERT INTO Country (code, name, capital, area, population) VALUES ('IND', 'India', 'New Delhi', 3287590, 952107694);
INSERT INTO Country (code, name, capital, area, population) VALUES ('BHT', 'Bhutan', 'Thimphu', 47000, 1822625);
INSERT INTO Country (code, name, capital, area, population) VALUES ('BRU', 'Brunei', 'Bandar Seri Begawan', 5770, 299939);
INSERT INTO Country (code, name, capital, area, population) VALUES ('MAL', 'Malaysia', 'Kuala Lumpur', 329750, 19962893);
INSERT INTO Country (code, name, capital, area, population) VALUES ('LAO', 'Laos', 'Vientiane', 236800, 4975772);
INSERT INTO Country (code, name, capital, area, population) VALUES ('THA', 'Thailand', 'Bangkok', 514000, 58851357);
INSERT INTO Country (code, name, capital, area, population) VALUES ('K', 'Cambodia', 'Phnom Penh', 181040, 10861218);
INSERT INTO Country (code, name, capital, area, population) VALUES ('VN', 'Vietnam', 'Hanoi', 329560, 73976973);
INSERT INTO Country (code, name, capital, area, population) VALUES ('KAZ', 'Kazakstan', 'Almaty', 2717300, 16916463);
INSERT INTO Country (code, name, capital, area, population) VALUES ('NOK', 'North Korea', 'Pyongyang', 120540, 23904124);
INSERT INTO Country (code, name, capital, area, population) VALUES ('KGZ', 'Kyrgyzstan', 'Bishkek', 198500, 4529648);
INSERT INTO Country (code, name, capital, area, population) VALUES ('HONX', 'Hong Kong', 'Hong Kong', 1092, 7055071);
INSERT INTO Country (code, name, capital, area, population) VALUES ('MACX', 'Macau', 'Macau', 16, 496837);
INSERT INTO Country (code, name, capital, area, population) VALUES ('MNG', 'Mongolia', 'Ulaanbaatar', 1565000, 2496617);
INSERT INTO Country (code, name, capital, area, population) VALUES ('NEP', 'Nepal', 'Kathmandu', 140800, 22094033);
INSERT INTO Country (code, name, capital, area, population) VALUES ('XMAS', 'Christmas Island', 'Flying Fish Cove', 135, 1402);
INSERT INTO Country (code, name, capital, area, population) VALUES ('COCO', 'Cocos Islands', 'West Island', 14, 596);
INSERT INTO Country (code, name, capital, area, population) VALUES ('CY', 'Cyprus', 'Nicosia', 9251, 744609);
INSERT INTO Country (code, name, capital, area, population) VALUES ('IL', 'Israel', 'Jerusalem', 20770, 5421995);
INSERT INTO Country (code, name, capital, area, population) VALUES ('ET', 'Egypt', 'Cairo', 1001450, 63575107);
INSERT INTO Country (code, name, capital, area, population) VALUES ('RI', 'Indonesia', 'Jakarta', 1919440, 206611600);
INSERT INTO Country (code, name, capital, area, population) VALUES ('TL', 'Timor-Leste', 'Dili', 15007, 1131612);
INSERT INTO Country (code, name, capital, area, population) VALUES ('PNG', 'Papua New Guinea', 'Port Moresby', 461690, 4394537);
INSERT INTO Country (code, name, capital, area, population) VALUES ('IRQ', 'Iraq', 'Baghdad', 437072, 21422292);
INSERT INTO Country (code, name, capital, area, population) VALUES ('JOR', 'Jordan', 'Amman', 89213, 4212152);
INSERT INTO Country (code, name, capital, area, population) VALUES ('KWT', 'Kuwait', 'Kuwait', 17820, 1950047);
INSERT INTO Country (code, name, capital, area, population) VALUES ('SA', 'Saudi Arabia', 'Riyadh', 1960582, 19409058);
INSERT INTO Country (code, name, capital, area, population) VALUES ('SYR', 'Syria', 'Damascus', 185180, 15608648);
INSERT INTO Country (code, name, capital, area, population) VALUES ('RL', 'Lebanon', 'Beirut', 10400, 3776317);
INSERT INTO Country (code, name, capital, area, population) VALUES ('J', 'Japan', 'Tokyo', 377835, 125449703);
INSERT INTO Country (code, name, capital, area, population) VALUES ('ROK', 'South Korea', 'Seoul', 98480, 45482291);
INSERT INTO Country (code, name, capital, area, population) VALUES ('MV', 'Maldives', 'Male', 300, 270758);
INSERT INTO Country (code, name, capital, area, population) VALUES ('OM', 'Oman', 'Muscat', 212460, 2186548);
INSERT INTO Country (code, name, capital, area, population) VALUES ('UAE', 'United Arab Emirates', 'Abu Dhabi', 75581, 3057337);
INSERT INTO Country (code, name, capital, area, population) VALUES ('YE', 'Yemen', 'Sanaa', 527970, 13483178);
INSERT INTO Country (code, name, capital, area, population) VALUES ('RP', 'Philippines', 'Manila', 299764, 74480848);
INSERT INTO Country (code, name, capital, area, population) VALUES ('Q', 'Qatar', 'Doha', 11000, 547761);
INSERT INTO Country (code, name, capital, area, population) VALUES ('SGP', 'Singapore', 'Singapore', 632.6, 3396924);
INSERT INTO Country (code, name, capital, area, population) VALUES ('CL', 'Sri Lanka', 'Colombo', 65610, 18553074);
INSERT INTO Country (code, name, capital, area, population) VALUES ('RC', 'Taiwan', 'Taipei', 36179, 21465881);
INSERT INTO Country (code, name, capital, area, population) VALUES ('AXA', 'Anguilla', 'The Valley', 102, 14436);
INSERT INTO Country (code, name, capital, area, population) VALUES ('AG', 'Antigua and Barbuda', 'Saint Johns', 442, 65647);
INSERT INTO Country (code, name, capital, area, population) VALUES ('ARU', 'Aruba', 'Oranjestad', 193, 103065);
INSERT INTO Country (code, name, capital, area, population) VALUES ('BS', 'Bahamas', 'Nassau', 13940, 259367);
INSERT INTO Country (code, name, capital, area, population) VALUES ('BDS', 'Barbados', 'Bridgetown', 430, 257030);
INSERT INTO Country (code, name, capital, area, population) VALUES ('BZ', 'Belize', 'Belmopan', 22960, 219296);
INSERT INTO Country (code, name, capital, area, population) VALUES ('GCA', 'Guatemala', 'Guatemala City', 108890, 11277614);
INSERT INTO Country (code, name, capital, area, population) VALUES ('MEX', 'Mexico', 'Mexico City', 1972550, 95772462);
INSERT INTO Country (code, name, capital, area, population) VALUES ('BERM', 'Bermuda', 'Hamilton', 53.3, 67837);
INSERT INTO Country (code, name, capital, area, population) VALUES ('BVIR', 'British Virgin Islands', 'Road Town', 153, 24491);
INSERT INTO Country (code, name, capital, area, population) VALUES ('CDN', 'Canada', 'Ottawa', 9976140, 28820671);
INSERT INTO Country (code, name, capital, area, population) VALUES ('USA', 'United States', 'Washington', 9372610, 266476278);
INSERT INTO Country (code, name, capital, area, population) VALUES ('CAYM', 'Cayman Islands', 'George Town', 262, 49035);
INSERT INTO Country (code, name, capital, area, population) VALUES ('CR', 'Costa Rica', 'San Jose', 51100, 3463083);
INSERT INTO Country (code, name, capital, area, population) VALUES ('NIC', 'Nicaragua', 'Managua', 129494, 4272352);
INSERT INTO Country (code, name, capital, area, population) VALUES ('PA', 'Panama', 'Panama City', 78200, 2655094);
INSERT INTO Country (code, name, capital, area, population) VALUES ('C', 'Cuba', 'Havana', 110860, 10951334);
INSERT INTO Country (code, name, capital, area, population) VALUES ('WD', 'Dominica', 'Roseau', 746, 82926);
INSERT INTO Country (code, name, capital, area, population) VALUES ('DOM', 'Dominican Republic', 'Santo Domingo', 48730, 8088881);
INSERT INTO Country (code, name, capital, area, population) VALUES ('RH', 'Haiti', 'Port-au-Prince', 27750, 6731539);
INSERT INTO Country (code, name, capital, area, population) VALUES ('ES', 'El Salvador', 'San Salvador', 21040, 5828987);
INSERT INTO Country (code, name, capital, area, population) VALUES ('HCA', 'Honduras', 'Tegucigalpa', 112090, 5605193);
INSERT INTO Country (code, name, capital, area, population) VALUES ('GROX', 'Greenland', 'Nuuk', 2175600, 58203);
INSERT INTO Country (code, name, capital, area, population) VALUES ('WG', 'Grenada', 'Saint Georges', 344, 94961);
INSERT INTO Country (code, name, capital, area, population) VALUES ('GUAD', 'Guadeloupe', 'Basse-Terre', 1780, 407768);
INSERT INTO Country (code, name, capital, area, population) VALUES ('JA', 'Jamaica', 'Kingston', 10991, 2595275);
INSERT INTO Country (code, name, capital, area, population) VALUES ('MART', 'Martinique', 'Fort-de-France', 1128, 399151);
INSERT INTO Country (code, name, capital, area, population) VALUES ('MNTS', 'Montserrat', 'Plymouth', 102, 5097);
INSERT INTO Country (code, name, capital, area, population) VALUES ('NA', 'Netherlands Antilles', 'Willemstad', 960, 227049);
INSERT INTO Country (code, name, capital, area, population) VALUES ('SMAR', 'Saint Martin', 'Marigot', 54, 29820);
INSERT INTO Country (code, name, capital, area, population) VALUES ('CO', 'Colombia', 'Bogota', 1138910, 36813161);
INSERT INTO Country (code, name, capital, area, population) VALUES ('PR', 'Puerto Rico', 'San Juan', 8870, 3971020);
INSERT INTO Country (code, name, capital, area, population) VALUES ('KN', 'Saint Kitts and Nevis', 'Basseterre', 269, 41369);
INSERT INTO Country (code, name, capital, area, population) VALUES ('WL', 'Saint Lucia', 'Castries', 620, 157862);
INSERT INTO Country (code, name, capital, area, population) VALUES ('SPMI', 'Saint Pierre and Miquelon', 'Saint-Pierre', 242, 6809);
INSERT INTO Country (code, name, capital, area, population) VALUES ('WV', 'Saint Vincent and the Grenadines', 'Kingstown', 389, 118344);
INSERT INTO Country (code, name, capital, area, population) VALUES ('TT', 'Trinidad and Tobago', 'Port-of-Spain', 5130, 1272385);
INSERT INTO Country (code, name, capital, area, population) VALUES ('TUCA', 'Turks and Caicos Islands', 'Grand Turk', 430, 22942);
INSERT INTO Country (code, name, capital, area, population) VALUES ('VIRG', 'Virgin Islands', 'Charlotte Amalie', 352, 97120);
INSERT INTO Country (code, name, capital, area, population) VALUES ('AMSA', 'American Samoa', 'Pago Pago', 199, 65628);
INSERT INTO Country (code, name, capital, area, population) VALUES ('AUS', 'Australia', 'Canberra', 7686850, 18260863);
INSERT INTO Country (code, name, capital, area, population) VALUES ('COOK', 'Cook Islands', 'Avarua', 240, 11870);
INSERT INTO Country (code, name, capital, area, population) VALUES ('FJI', 'Fiji', 'Suva', 18270, 782381);
INSERT INTO Country (code, name, capital, area, population) VALUES ('FPOL', 'French Polynesia', 'Papeete', 4167, 287032);
INSERT INTO Country (code, name, capital, area, population) VALUES ('GUAM', 'Guam', 'Agana', 541.3, 178430);
INSERT INTO Country (code, name, capital, area, population) VALUES ('KIR', 'Kiribati', 'Tarawa', 717, 80919);
INSERT INTO Country (code, name, capital, area, population) VALUES ('MH', 'Marshall Islands', 'Majuro', 181.3, 58363);
INSERT INTO Country (code, name, capital, area, population) VALUES ('FSM', 'Micronesia', 'Palikir', 702, 125377);
INSERT INTO Country (code, name, capital, area, population) VALUES ('NAU', 'Nauru', 'Yaren', 21, 10273);
INSERT INTO Country (code, name, capital, area, population) VALUES ('NCA', 'New Caledonia', 'Noumea', 19060, 227436);
INSERT INTO Country (code, name, capital, area, population) VALUES ('NZ', 'New Zealand', 'Wellington', 268680, 3547983);
INSERT INTO Country (code, name, capital, area, population) VALUES ('NIUE', 'Niue', 'Alofi', 260, 1398);
INSERT INTO Country (code, name, capital, area, population) VALUES ('NORF', 'Norfolk Island', 'Kingston', 34.6, 2209);
INSERT INTO Country (code, name, capital, area, population) VALUES ('NMIS', 'Northern Mariana Islands', 'Saipan', 477, 88662);
INSERT INTO Country (code, name, capital, area, population) VALUES ('PAL', 'Palau', 'Melekeok', 458, 16952);
INSERT INTO Country (code, name, capital, area, population) VALUES ('PITC', 'Pitcairn Islands', 'Adamstown', 47, 48);
INSERT INTO Country (code, name, capital, area, population) VALUES ('SLB', 'Solomon Islands', 'Honiara', 28450, 412902);
INSERT INTO Country (code, name, capital, area, population) VALUES ('TO', 'Tonga', 'Nukualofa', 748, 106466);
INSERT INTO Country (code, name, capital, area, population) VALUES ('TUV', 'Tuvalu', 'Funafuti', 26, 10146);
INSERT INTO Country (code, name, capital, area, population) VALUES ('VU', 'Vanuatu', 'Port-Vila', 14760, 177504);
INSERT INTO Country (code, name, capital, area, population) VALUES ('WAFU', 'Wallis and Futuna', 'Mata-Utu', 274, 15289);
INSERT INTO Country (code, name, capital, area, population) VALUES ('WS', 'Samoa', 'Apia', 2860, 214384);
INSERT INTO Country (code, name, capital, area, population) VALUES ('RA', 'Argentina', 'Buenos Aires', 2766890, 34672997);
INSERT INTO Country (code, name, capital, area, population) VALUES ('BOL', 'Bolivia', 'La Paz', 1098580, 7165257);
INSERT INTO Country (code, name, capital, area, population) VALUES ('BR', 'Brazil', 'Brasilia', 8511965, 162661214);
INSERT INTO Country (code, name, capital, area, population) VALUES ('RCH', 'Chile', 'Santiago', 756950, 14333258);
INSERT INTO Country (code, name, capital, area, population) VALUES ('PY', 'Paraguay', 'Asuncion', 406750, 5504146);
INSERT INTO Country (code, name, capital, area, population) VALUES ('ROU', 'Uruguay', 'Montevideo', 176220, 3238952);
INSERT INTO Country (code, name, capital, area, population) VALUES ('PE', 'Peru', 'Lima', 1285220, 24523408);
INSERT INTO Country (code, name, capital, area, population) VALUES ('FGU', 'French Guiana', 'Cayenne', 91000, 151187);
INSERT INTO Country (code, name, capital, area, population) VALUES ('GUY', 'Guyana', 'Georgetown', 214970, 712091);
INSERT INTO Country (code, name, capital, area, population) VALUES ('SME', 'Suriname', 'Paramaribo', 163270, 436418);
INSERT INTO Country (code, name, capital, area, population) VALUES ('YV', 'Venezuela', 'Caracas', 912050, 21983188);
INSERT INTO Country (code, name, capital, area, population) VALUES ('EC', 'Ecuador', 'Quito', 283560, 11466291);
INSERT INTO Country (code, name, capital, area, population) VALUES ('FALK', 'Falkland Islands', 'Stanley', 12173, 3140);
INSERT INTO Country (code, name, capital, area, population) VALUES ('DZ', 'Algeria', 'Algier', 2381740, 29183032);
INSERT INTO Country (code, name, capital, area, population) VALUES ('LAR', 'Libya', 'Tripoli', 1759540, 5445436);
INSERT INTO Country (code, name, capital, area, population) VALUES ('RMM', 'Mali', 'Bamako', 1240000, 9653261);
INSERT INTO Country (code, name, capital, area, population) VALUES ('RIM', 'Mauritania', 'Nouakchott', 1030700, 2336048);
INSERT INTO Country (code, name, capital, area, population) VALUES ('MA', 'Morocco', 'Rabat', 446550, 29779156);
INSERT INTO Country (code, name, capital, area, population) VALUES ('RN', 'Niger', 'Niamey', 1267000, 9113001);
INSERT INTO Country (code, name, capital, area, population) VALUES ('TN', 'Tunisia', 'Tunis', 163610, 9019687);
INSERT INTO Country (code, name, capital, area, population) VALUES ('WSA', 'Western Sahara', 'El Aaiun', 266000, 222631);
INSERT INTO Country (code, name, capital, area, population) VALUES ('ANG', 'Angola', 'Luanda', 1246700, 10342899);
INSERT INTO Country (code, name, capital, area, population) VALUES ('RCB', 'Congo', 'Brazzaville', 342000, 2527841);
INSERT INTO Country (code, name, capital, area, population) VALUES ('NAM', 'Namibia', 'Windhoek', 825418, 1677243);
INSERT INTO Country (code, name, capital, area, population) VALUES ('ZRE', 'Zaire', 'Kinshasa', 2345410, 46498539);
INSERT INTO Country (code, name, capital, area, population) VALUES ('Z', 'Zambia', 'Lusaka', 752610, 9159072);
INSERT INTO Country (code, name, capital, area, population) VALUES ('BEN', 'Benin', 'Porto-Novo', 112620, 5709529);
INSERT INTO Country (code, name, capital, area, population) VALUES ('BF', 'Burkina Faso', 'Ouagadougou', 274200, 10623323);
INSERT INTO Country (code, name, capital, area, population) VALUES ('WAN', 'Nigeria', 'Abuja', 923770, 103912489);
INSERT INTO Country (code, name, capital, area, population) VALUES ('RT', 'Togo', 'Lome', 56790, 4570530);
INSERT INTO Country (code, name, capital, area, population) VALUES ('RB', 'Botswana', 'Gaborone', 600370, 1477630);
INSERT INTO Country (code, name, capital, area, population) VALUES ('RSA', 'South Africa', 'Pretoria', 1219912, 41743459);
INSERT INTO Country (code, name, capital, area, population) VALUES ('ZW', 'Zimbabwe', 'Harare', 390580, 11271314);
INSERT INTO Country (code, name, capital, area, population) VALUES ('CI', 'Cote dIvoire', 'Yamoussoukro', 322460, 14762445);
INSERT INTO Country (code, name, capital, area, population) VALUES ('GH', 'Ghana', 'Accra', 238540, 17698271);
INSERT INTO Country (code, name, capital, area, population) VALUES ('BI', 'Burundi', 'Bujumbura', 27830, 5943057);
INSERT INTO Country (code, name, capital, area, population) VALUES ('RWA', 'Rwanda', 'Kigali', 26340, 6853359);
INSERT INTO Country (code, name, capital, area, population) VALUES ('EAT', 'Tanzania', 'Dar es Salaam', 945090, 29058470);
INSERT INTO Country (code, name, capital, area, population) VALUES ('CAM', 'Cameroon', 'Yaounde', 475440, 14261557);
INSERT INTO Country (code, name, capital, area, population) VALUES ('RCA', 'Central African Republic', 'Bangui', 622980, 3274426);
INSERT INTO Country (code, name, capital, area, population) VALUES ('TCH', 'Chad', 'NDjamena', 1284000, 6976845);
INSERT INTO Country (code, name, capital, area, population) VALUES ('GQ', 'Equatorial Guinea', 'Malabo', 28050, 431282);
INSERT INTO Country (code, name, capital, area, population) VALUES ('G', 'Gabon', 'Libreville', 267670, 1172798);
INSERT INTO Country (code, name, capital, area, population) VALUES ('CV', 'Cape Verde', 'Praia', 4030, 449066);
INSERT INTO Country (code, name, capital, area, population) VALUES ('SUD', 'Sudan', 'Khartoum', 2505810, 31547543);
INSERT INTO Country (code, name, capital, area, population) VALUES ('COM', 'Comoros', 'Moroni', 2170, 569237);
INSERT INTO Country (code, name, capital, area, population) VALUES ('RG', 'Guinea', 'Conakry', 245860, 7411981);
INSERT INTO Country (code, name, capital, area, population) VALUES ('LB', 'Liberia', 'Monrovia', 111370, 2109789);
INSERT INTO Country (code, name, capital, area, population) VALUES ('DJI', 'Djibouti', 'Djibouti', 22000, 427642);
INSERT INTO Country (code, name, capital, area, population) VALUES ('ER', 'Eritrea', 'Asmara', 121320, 3427883);
INSERT INTO Country (code, name, capital, area, population) VALUES ('ETH', 'Ethiopia', 'Addis Ababa', 1127127, 57171662);
INSERT INTO Country (code, name, capital, area, population) VALUES ('SP', 'Somalia', 'Mogadishu', 637660, 9639151);
INSERT INTO Country (code, name, capital, area, population) VALUES ('EAK', 'Kenya', 'Nairobi', 582650, 28176686);
INSERT INTO Country (code, name, capital, area, population) VALUES ('WAG', 'Gambia', 'Banjul', 11300, 1204984);
INSERT INTO Country (code, name, capital, area, population) VALUES ('SN', 'Senegal', 'Dakar', 196190, 9092749);
INSERT INTO Country (code, name, capital, area, population) VALUES ('GNB', 'Guinea-Bissau', 'Bissau', 36120, 1151330);
INSERT INTO Country (code, name, capital, area, population) VALUES ('WAL', 'Sierra Leone', 'Freetown', 71740, 4793121);
INSERT INTO Country (code, name, capital, area, population) VALUES ('EAU', 'Uganda', 'Kampala', 236040, 20158176);
INSERT INTO Country (code, name, capital, area, population) VALUES ('LS', 'Lesotho', 'Maseru', 30350, 1970781);
INSERT INTO Country (code, name, capital, area, population) VALUES ('RM', 'Madagascar', 'Antananarivo', 587041, 13670507);
INSERT INTO Country (code, name, capital, area, population) VALUES ('MW', 'Malawi', 'Lilongwe', 118480, 9452844);
INSERT INTO Country (code, name, capital, area, population) VALUES ('MOC', 'Mozambique', 'Maputo', 801590, 17877927);
INSERT INTO Country (code, name, capital, area, population) VALUES ('MS', 'Mauritius', 'Port Louis', 2040, 1140256);
INSERT INTO Country (code, name, capital, area, population) VALUES ('MAYO', 'Mayotte', 'Mamoutzou', 374, 223765);
INSERT INTO Country (code, name, capital, area, population) VALUES ('SD', 'Swaziland', 'Mbabane', 17360, 998730);
INSERT INTO Country (code, name, capital, area, population) VALUES ('REUN', 'Reunion', 'Saint-Denis', 2510, 679198);
INSERT INTO Country (code, name, capital, area, population) VALUES ('HELX', 'Saint Helena', 'Jamestown', 413, 7637);
INSERT INTO Country (code, name, capital, area, population) VALUES ('STP', 'Sao Tome and Principe', 'Sao Tome', 1001, 144128);
INSERT INTO Country (code, name, capital, area, population) VALUES ('SY', 'Seychelles', 'Victoria', 455, 77575);

-- INSERT : Borders
INSERT INTO Borders (country1, country2, length) VALUES ('AL', 'GR', 282);
INSERT INTO Borders (country1, country2, length) VALUES ('AL', 'MK', 151);
INSERT INTO Borders (country1, country2, length) VALUES ('AL', 'MNE', 172);
INSERT INTO Borders (country1, country2, length) VALUES ('AL', 'KOS', 112);
INSERT INTO Borders (country1, country2, length) VALUES ('GR', 'MK', 228);
INSERT INTO Borders (country1, country2, length) VALUES ('GR', 'TR', 206);
INSERT INTO Borders (country1, country2, length) VALUES ('MK', 'SRB', 62);
INSERT INTO Borders (country1, country2, length) VALUES ('MNE', 'SRB', 124);
INSERT INTO Borders (country1, country2, length) VALUES ('KOS', 'MNE', 79);
INSERT INTO Borders (country1, country2, length) VALUES ('KOS', 'SRB', 352);
INSERT INTO Borders (country1, country2, length) VALUES ('KOS', 'MK', 159);
INSERT INTO Borders (country1, country2, length) VALUES ('AND', 'F', 60);
INSERT INTO Borders (country1, country2, length) VALUES ('AND', 'E', 65);
INSERT INTO Borders (country1, country2, length) VALUES ('F', 'I', 488);
INSERT INTO Borders (country1, country2, length) VALUES ('F', 'L', 73);
INSERT INTO Borders (country1, country2, length) VALUES ('F', 'MC', 4.4);
INSERT INTO Borders (country1, country2, length) VALUES ('E', 'F', 623);
INSERT INTO Borders (country1, country2, length) VALUES ('E', 'GBZ', 1.2);
INSERT INTO Borders (country1, country2, length) VALUES ('E', 'P', 1214);
INSERT INTO Borders (country1, country2, length) VALUES ('A', 'CZ', 362);
INSERT INTO Borders (country1, country2, length) VALUES ('A', 'D', 784);
INSERT INTO Borders (country1, country2, length) VALUES ('A', 'H', 366);
INSERT INTO Borders (country1, country2, length) VALUES ('A', 'I', 430);
INSERT INTO Borders (country1, country2, length) VALUES ('A', 'FL', 37);
INSERT INTO Borders (country1, country2, length) VALUES ('A', 'SK', 91);
INSERT INTO Borders (country1, country2, length) VALUES ('A', 'SLO', 324);
INSERT INTO Borders (country1, country2, length) VALUES ('A', 'CH', 164);
INSERT INTO Borders (country1, country2, length) VALUES ('CZ', 'D', 646);
INSERT INTO Borders (country1, country2, length) VALUES ('CZ', 'SK', 215);
INSERT INTO Borders (country1, country2, length) VALUES ('CZ', 'PL', 658);
INSERT INTO Borders (country1, country2, length) VALUES ('D', 'F', 451);
INSERT INTO Borders (country1, country2, length) VALUES ('D', 'PL', 456);
INSERT INTO Borders (country1, country2, length) VALUES ('D', 'L', 138);
INSERT INTO Borders (country1, country2, length) VALUES ('D', 'NL', 577);
INSERT INTO Borders (country1, country2, length) VALUES ('D', 'DK', 68);
INSERT INTO Borders (country1, country2, length) VALUES ('H', 'SRB', 151);
INSERT INTO Borders (country1, country2, length) VALUES ('H', 'SK', 515);
INSERT INTO Borders (country1, country2, length) VALUES ('H', 'SLO', 102);
INSERT INTO Borders (country1, country2, length) VALUES ('H', 'UA', 103);
INSERT INTO Borders (country1, country2, length) VALUES ('H', 'HR', 329);
INSERT INTO Borders (country1, country2, length) VALUES ('H', 'RO', 443);
INSERT INTO Borders (country1, country2, length) VALUES ('I', 'SLO', 235);
INSERT INTO Borders (country1, country2, length) VALUES ('I', 'V', 3.2);
INSERT INTO Borders (country1, country2, length) VALUES ('I', 'RSM', 39);
INSERT INTO Borders (country1, country2, length) VALUES ('SK', 'UA', 90);
INSERT INTO Borders (country1, country2, length) VALUES ('CH', 'F', 573);
INSERT INTO Borders (country1, country2, length) VALUES ('CH', 'D', 334);
INSERT INTO Borders (country1, country2, length) VALUES ('CH', 'I', 740);
INSERT INTO Borders (country1, country2, length) VALUES ('CH', 'FL', 41);
INSERT INTO Borders (country1, country2, length) VALUES ('BY', 'LV', 141);
INSERT INTO Borders (country1, country2, length) VALUES ('BY', 'LT', 502);
INSERT INTO Borders (country1, country2, length) VALUES ('BY', 'PL', 605);
INSERT INTO Borders (country1, country2, length) VALUES ('BY', 'UA', 891);
INSERT INTO Borders (country1, country2, length) VALUES ('BY', 'R', 959);
INSERT INTO Borders (country1, country2, length) VALUES ('LV', 'R', 217);
INSERT INTO Borders (country1, country2, length) VALUES ('LT', 'LV', 453);
INSERT INTO Borders (country1, country2, length) VALUES ('LT', 'PL', 91);
INSERT INTO Borders (country1, country2, length) VALUES ('LT', 'R', 227);
INSERT INTO Borders (country1, country2, length) VALUES ('PL', 'SK', 444);
INSERT INTO Borders (country1, country2, length) VALUES ('PL', 'UA', 428);
INSERT INTO Borders (country1, country2, length) VALUES ('PL', 'R', 206);
INSERT INTO Borders (country1, country2, length) VALUES ('R', 'UA', 1576);
INSERT INTO Borders (country1, country2, length) VALUES ('R', 'SF', 1313);
INSERT INTO Borders (country1, country2, length) VALUES ('R', 'TJ', 3645);
INSERT INTO Borders (country1, country2, length) VALUES ('B', 'F', 620);
INSERT INTO Borders (country1, country2, length) VALUES ('B', 'D', 167);
INSERT INTO Borders (country1, country2, length) VALUES ('B', 'L', 148);
INSERT INTO Borders (country1, country2, length) VALUES ('B', 'NL', 450);
INSERT INTO Borders (country1, country2, length) VALUES ('BIH', 'SRB', 302);
INSERT INTO Borders (country1, country2, length) VALUES ('BIH', 'KOS', 225);
INSERT INTO Borders (country1, country2, length) VALUES ('BIH', 'HR', 932);
INSERT INTO Borders (country1, country2, length) VALUES ('HR', 'SRB', 241);
INSERT INTO Borders (country1, country2, length) VALUES ('HR', 'MNE', 25);
INSERT INTO Borders (country1, country2, length) VALUES ('HR', 'SLO', 546);
INSERT INTO Borders (country1, country2, length) VALUES ('BG', 'GR', 494);
INSERT INTO Borders (country1, country2, length) VALUES ('BG', 'MK', 148);
INSERT INTO Borders (country1, country2, length) VALUES ('BG', 'SRB', 318);
INSERT INTO Borders (country1, country2, length) VALUES ('BG', 'RO', 608);
INSERT INTO Borders (country1, country2, length) VALUES ('BG', 'TR', 240);
INSERT INTO Borders (country1, country2, length) VALUES ('RO', 'SRB', 476);
INSERT INTO Borders (country1, country2, length) VALUES ('RO', 'UA', 531);
INSERT INTO Borders (country1, country2, length) VALUES ('EW', 'LV', 267);
INSERT INTO Borders (country1, country2, length) VALUES ('EW', 'R', 290);
INSERT INTO Borders (country1, country2, length) VALUES ('N', 'R', 167);
INSERT INTO Borders (country1, country2, length) VALUES ('N', 'SF', 729);
INSERT INTO Borders (country1, country2, length) VALUES ('N', 'S', 1619);
INSERT INTO Borders (country1, country2, length) VALUES ('S', 'SF', 586);
INSERT INTO Borders (country1, country2, length) VALUES ('MD', 'UA', 939);
INSERT INTO Borders (country1, country2, length) VALUES ('MD', 'RO', 450);
INSERT INTO Borders (country1, country2, length) VALUES ('GB', 'IRL', 360);
INSERT INTO Borders (country1, country2, length) VALUES ('AFG', 'TJ', 76);
INSERT INTO Borders (country1, country2, length) VALUES ('AFG', 'IR', 936);
INSERT INTO Borders (country1, country2, length) VALUES ('AFG', 'PK', 2430);
INSERT INTO Borders (country1, country2, length) VALUES ('AFG', 'TAD', 1206);
INSERT INTO Borders (country1, country2, length) VALUES ('AFG', 'TM', 744);
INSERT INTO Borders (country1, country2, length) VALUES ('AFG', 'UZB', 137);
INSERT INTO Borders (country1, country2, length) VALUES ('TJ', 'VN', 1281);
INSERT INTO Borders (country1, country2, length) VALUES ('IR', 'TR', 499);
INSERT INTO Borders (country1, country2, length) VALUES ('IR', 'PK', 909);
INSERT INTO Borders (country1, country2, length) VALUES ('IR', 'TM', 992);
INSERT INTO Borders (country1, country2, length) VALUES ('IR', 'IRQ', 1458);
INSERT INTO Borders (country1, country2, length) VALUES ('PK', 'TJ', 523);
INSERT INTO Borders (country1, country2, length) VALUES ('TAD', 'TJ', 414);
INSERT INTO Borders (country1, country2, length) VALUES ('TAD', 'UZB', 1161);
INSERT INTO Borders (country1, country2, length) VALUES ('TM', 'UZB', 1621);
INSERT INTO Borders (country1, country2, length) VALUES ('ARM', 'TR', 268);
INSERT INTO Borders (country1, country2, length) VALUES ('ARM', 'IR', 35);
INSERT INTO Borders (country1, country2, length) VALUES ('ARM', 'GE', 164);
INSERT INTO Borders (country1, country2, length) VALUES ('ARM', 'AZ', 787);
INSERT INTO Borders (country1, country2, length) VALUES ('GE', 'R', 723);
INSERT INTO Borders (country1, country2, length) VALUES ('GE', 'TR', 252);
INSERT INTO Borders (country1, country2, length) VALUES ('AZ', 'R', 284);
INSERT INTO Borders (country1, country2, length) VALUES ('AZ', 'TR', 9);
INSERT INTO Borders (country1, country2, length) VALUES ('AZ', 'IR', 611);
INSERT INTO Borders (country1, country2, length) VALUES ('AZ', 'GE', 322);
INSERT INTO Borders (country1, country2, length) VALUES ('BD', 'MYA', 193);
INSERT INTO Borders (country1, country2, length) VALUES ('BD', 'IND', 4053);
INSERT INTO Borders (country1, country2, length) VALUES ('MYA', 'TJ', 2185);
INSERT INTO Borders (country1, country2, length) VALUES ('MYA', 'THA', 1800);
INSERT INTO Borders (country1, country2, length) VALUES ('IND', 'TJ', 3380);
INSERT INTO Borders (country1, country2, length) VALUES ('IND', 'PK', 2912);
INSERT INTO Borders (country1, country2, length) VALUES ('IND', 'MYA', 1463);
INSERT INTO Borders (country1, country2, length) VALUES ('IND', 'NEP', 1690);
INSERT INTO Borders (country1, country2, length) VALUES ('BHT', 'TJ', 470);
INSERT INTO Borders (country1, country2, length) VALUES ('BHT', 'IND', 605);
INSERT INTO Borders (country1, country2, length) VALUES ('BRU', 'MAL', 381);
INSERT INTO Borders (country1, country2, length) VALUES ('MAL', 'THA', 506);
INSERT INTO Borders (country1, country2, length) VALUES ('MAL', 'RI', 1782);
INSERT INTO Borders (country1, country2, length) VALUES ('LAO', 'TJ', 423);
INSERT INTO Borders (country1, country2, length) VALUES ('LAO', 'MYA', 235);
INSERT INTO Borders (country1, country2, length) VALUES ('LAO', 'THA', 1754);
INSERT INTO Borders (country1, country2, length) VALUES ('LAO', 'VN', 2130);
INSERT INTO Borders (country1, country2, length) VALUES ('K', 'LAO', 541);
INSERT INTO Borders (country1, country2, length) VALUES ('K', 'THA', 803);
INSERT INTO Borders (country1, country2, length) VALUES ('K', 'VN', 1228);
INSERT INTO Borders (country1, country2, length) VALUES ('KAZ', 'R', 6846);
INSERT INTO Borders (country1, country2, length) VALUES ('KAZ', 'TJ', 1533);
INSERT INTO Borders (country1, country2, length) VALUES ('KAZ', 'TM', 379);
INSERT INTO Borders (country1, country2, length) VALUES ('KAZ', 'UZB', 2203);
INSERT INTO Borders (country1, country2, length) VALUES ('KAZ', 'KGZ', 1051);
INSERT INTO Borders (country1, country2, length) VALUES ('NOK', 'R', 19);
INSERT INTO Borders (country1, country2, length) VALUES ('NOK', 'TJ', 1416);
INSERT INTO Borders (country1, country2, length) VALUES ('NOK', 'ROK', 238);
INSERT INTO Borders (country1, country2, length) VALUES ('KGZ', 'TJ', 858);
INSERT INTO Borders (country1, country2, length) VALUES ('KGZ', 'TAD', 870);
INSERT INTO Borders (country1, country2, length) VALUES ('KGZ', 'UZB', 1099);
INSERT INTO Borders (country1, country2, length) VALUES ('HONX', 'TJ', 30);
INSERT INTO Borders (country1, country2, length) VALUES ('MACX', 'TJ', 0.34);
INSERT INTO Borders (country1, country2, length) VALUES ('MNG', 'R', 3441);
INSERT INTO Borders (country1, country2, length) VALUES ('MNG', 'TJ', 4673);
INSERT INTO Borders (country1, country2, length) VALUES ('NEP', 'TJ', 1236);
INSERT INTO Borders (country1, country2, length) VALUES ('IL', 'JOR', 238);
INSERT INTO Borders (country1, country2, length) VALUES ('IL', 'SYR', 76);
INSERT INTO Borders (country1, country2, length) VALUES ('IL', 'RL', 79);
INSERT INTO Borders (country1, country2, length) VALUES ('ET', 'IL', 255);
INSERT INTO Borders (country1, country2, length) VALUES ('ET', 'LAR', 1150);
INSERT INTO Borders (country1, country2, length) VALUES ('ET', 'SUD', 1273);
INSERT INTO Borders (country1, country2, length) VALUES ('RI', 'TL', 228);
INSERT INTO Borders (country1, country2, length) VALUES ('PNG', 'RI', 820);
INSERT INTO Borders (country1, country2, length) VALUES ('IRQ', 'TR', 331);
INSERT INTO Borders (country1, country2, length) VALUES ('IRQ', 'JOR', 181);
INSERT INTO Borders (country1, country2, length) VALUES ('IRQ', 'KWT', 242);
INSERT INTO Borders (country1, country2, length) VALUES ('IRQ', 'SA', 814);
INSERT INTO Borders (country1, country2, length) VALUES ('IRQ', 'SYR', 605);
INSERT INTO Borders (country1, country2, length) VALUES ('JOR', 'SA', 728);
INSERT INTO Borders (country1, country2, length) VALUES ('JOR', 'SYR', 375);
INSERT INTO Borders (country1, country2, length) VALUES ('KWT', 'SA', 222);
INSERT INTO Borders (country1, country2, length) VALUES ('SA', 'UAE', 457);
INSERT INTO Borders (country1, country2, length) VALUES ('SA', 'YE', 1458);
INSERT INTO Borders (country1, country2, length) VALUES ('SYR', 'TR', 822);
INSERT INTO Borders (country1, country2, length) VALUES ('RL', 'SYR', 375);
INSERT INTO Borders (country1, country2, length) VALUES ('OM', 'SA', 676);
INSERT INTO Borders (country1, country2, length) VALUES ('OM', 'UAE', 410);
INSERT INTO Borders (country1, country2, length) VALUES ('OM', 'YE', 288);
INSERT INTO Borders (country1, country2, length) VALUES ('Q', 'SA', 60);
INSERT INTO Borders (country1, country2, length) VALUES ('BZ', 'GCA', 266);
INSERT INTO Borders (country1, country2, length) VALUES ('BZ', 'MEX', 250);
INSERT INTO Borders (country1, country2, length) VALUES ('GCA', 'MEX', 962);
INSERT INTO Borders (country1, country2, length) VALUES ('GCA', 'HCA', 256);
INSERT INTO Borders (country1, country2, length) VALUES ('MEX', 'USA', 3326);
INSERT INTO Borders (country1, country2, length) VALUES ('CDN', 'USA', 8893);
INSERT INTO Borders (country1, country2, length) VALUES ('CR', 'NIC', 309);
INSERT INTO Borders (country1, country2, length) VALUES ('CR', 'PA', 330);
INSERT INTO Borders (country1, country2, length) VALUES ('DOM', 'RH', 275);
INSERT INTO Borders (country1, country2, length) VALUES ('ES', 'GCA', 203);
INSERT INTO Borders (country1, country2, length) VALUES ('ES', 'HCA', 342);
INSERT INTO Borders (country1, country2, length) VALUES ('HCA', 'NIC', 922);
INSERT INTO Borders (country1, country2, length) VALUES ('NA', 'SMAR', 15);
INSERT INTO Borders (country1, country2, length) VALUES ('CO', 'PA', 225);
INSERT INTO Borders (country1, country2, length) VALUES ('CO', 'PE', 2900);
INSERT INTO Borders (country1, country2, length) VALUES ('CO', 'YV', 2050);
INSERT INTO Borders (country1, country2, length) VALUES ('CO', 'EC', 590);
INSERT INTO Borders (country1, country2, length) VALUES ('RA', 'RCH', 5150);
INSERT INTO Borders (country1, country2, length) VALUES ('RA', 'ROU', 579);
INSERT INTO Borders (country1, country2, length) VALUES ('BOL', 'RA', 832);
INSERT INTO Borders (country1, country2, length) VALUES ('BOL', 'BR', 3400);
INSERT INTO Borders (country1, country2, length) VALUES ('BOL', 'RCH', 861);
INSERT INTO Borders (country1, country2, length) VALUES ('BOL', 'PY', 750);
INSERT INTO Borders (country1, country2, length) VALUES ('BOL', 'PE', 900);
INSERT INTO Borders (country1, country2, length) VALUES ('BR', 'CO', 1643);
INSERT INTO Borders (country1, country2, length) VALUES ('BR', 'RA', 1224);
INSERT INTO Borders (country1, country2, length) VALUES ('BR', 'PY', 1290);
INSERT INTO Borders (country1, country2, length) VALUES ('BR', 'ROU', 985);
INSERT INTO Borders (country1, country2, length) VALUES ('BR', 'PE', 1560);
INSERT INTO Borders (country1, country2, length) VALUES ('BR', 'FGU', 673);
INSERT INTO Borders (country1, country2, length) VALUES ('BR', 'GUY', 1119);
INSERT INTO Borders (country1, country2, length) VALUES ('BR', 'SME', 597);
INSERT INTO Borders (country1, country2, length) VALUES ('BR', 'YV', 2200);
INSERT INTO Borders (country1, country2, length) VALUES ('PY', 'RA', 1880);
INSERT INTO Borders (country1, country2, length) VALUES ('PE', 'RCH', 160);
INSERT INTO Borders (country1, country2, length) VALUES ('FGU', 'SME', 510);
INSERT INTO Borders (country1, country2, length) VALUES ('GUY', 'SME', 600);
INSERT INTO Borders (country1, country2, length) VALUES ('GUY', 'YV', 743);
INSERT INTO Borders (country1, country2, length) VALUES ('EC', 'PE', 1420);
INSERT INTO Borders (country1, country2, length) VALUES ('DZ', 'LAR', 982);
INSERT INTO Borders (country1, country2, length) VALUES ('DZ', 'RMM', 1376);
INSERT INTO Borders (country1, country2, length) VALUES ('DZ', 'RIM', 463);
INSERT INTO Borders (country1, country2, length) VALUES ('DZ', 'MA', 1559);
INSERT INTO Borders (country1, country2, length) VALUES ('DZ', 'RN', 956);
INSERT INTO Borders (country1, country2, length) VALUES ('DZ', 'TN', 965);
INSERT INTO Borders (country1, country2, length) VALUES ('DZ', 'WSA', 42);
INSERT INTO Borders (country1, country2, length) VALUES ('LAR', 'RN', 354);
INSERT INTO Borders (country1, country2, length) VALUES ('LAR', 'TN', 459);
INSERT INTO Borders (country1, country2, length) VALUES ('LAR', 'TCH', 1055);
INSERT INTO Borders (country1, country2, length) VALUES ('LAR', 'SUD', 383);
INSERT INTO Borders (country1, country2, length) VALUES ('RMM', 'RN', 821);
INSERT INTO Borders (country1, country2, length) VALUES ('RMM', 'SN', 419);
INSERT INTO Borders (country1, country2, length) VALUES ('RIM', 'RMM', 2237);
INSERT INTO Borders (country1, country2, length) VALUES ('RIM', 'WSA', 1561);
INSERT INTO Borders (country1, country2, length) VALUES ('RIM', 'SN', 813);
INSERT INTO Borders (country1, country2, length) VALUES ('MA', 'WSA', 443);
INSERT INTO Borders (country1, country2, length) VALUES ('RN', 'WAN', 1497);
INSERT INTO Borders (country1, country2, length) VALUES ('RN', 'TCH', 1175);
INSERT INTO Borders (country1, country2, length) VALUES ('ANG', 'RCB', 201);
INSERT INTO Borders (country1, country2, length) VALUES ('ANG', 'NAM', 1376);
INSERT INTO Borders (country1, country2, length) VALUES ('ANG', 'ZRE', 2511);
INSERT INTO Borders (country1, country2, length) VALUES ('ANG', 'Z', 1110);
INSERT INTO Borders (country1, country2, length) VALUES ('RCB', 'ZRE', 2410);
INSERT INTO Borders (country1, country2, length) VALUES ('NAM', 'Z', 233);
INSERT INTO Borders (country1, country2, length) VALUES ('NAM', 'RB', 1360);
INSERT INTO Borders (country1, country2, length) VALUES ('NAM', 'RSA', 855);
INSERT INTO Borders (country1, country2, length) VALUES ('Z', 'ZRE', 1930);
INSERT INTO Borders (country1, country2, length) VALUES ('Z', 'ZW', 797);
INSERT INTO Borders (country1, country2, length) VALUES ('BEN', 'RN', 266);
INSERT INTO Borders (country1, country2, length) VALUES ('BEN', 'BF', 306);
INSERT INTO Borders (country1, country2, length) VALUES ('BEN', 'WAN', 773);
INSERT INTO Borders (country1, country2, length) VALUES ('BEN', 'RT', 644);
INSERT INTO Borders (country1, country2, length) VALUES ('BF', 'RMM', 1000);
INSERT INTO Borders (country1, country2, length) VALUES ('BF', 'RN', 628);
INSERT INTO Borders (country1, country2, length) VALUES ('BF', 'RT', 126);
INSERT INTO Borders (country1, country2, length) VALUES ('BF', 'CI', 584);
INSERT INTO Borders (country1, country2, length) VALUES ('BF', 'GH', 548);
INSERT INTO Borders (country1, country2, length) VALUES ('RB', 'RSA', 1840);
INSERT INTO Borders (country1, country2, length) VALUES ('RB', 'ZW', 813);
INSERT INTO Borders (country1, country2, length) VALUES ('RSA', 'ZW', 225);
INSERT INTO Borders (country1, country2, length) VALUES ('RSA', 'SD', 430);
INSERT INTO Borders (country1, country2, length) VALUES ('CI', 'RMM', 532);
INSERT INTO Borders (country1, country2, length) VALUES ('CI', 'GH', 668);
INSERT INTO Borders (country1, country2, length) VALUES ('CI', 'RG', 610);
INSERT INTO Borders (country1, country2, length) VALUES ('CI', 'LB', 716);
INSERT INTO Borders (country1, country2, length) VALUES ('GH', 'RT', 877);
INSERT INTO Borders (country1, country2, length) VALUES ('BI', 'ZRE', 233);
INSERT INTO Borders (country1, country2, length) VALUES ('BI', 'RWA', 290);
INSERT INTO Borders (country1, country2, length) VALUES ('BI', 'EAT', 451);
INSERT INTO Borders (country1, country2, length) VALUES ('RWA', 'ZRE', 217);
INSERT INTO Borders (country1, country2, length) VALUES ('EAT', 'ZRE', 459);
INSERT INTO Borders (country1, country2, length) VALUES ('EAT', 'Z', 338);
INSERT INTO Borders (country1, country2, length) VALUES ('EAT', 'RWA', 217);
INSERT INTO Borders (country1, country2, length) VALUES ('EAT', 'EAU', 396);
INSERT INTO Borders (country1, country2, length) VALUES ('EAT', 'MW', 475);
INSERT INTO Borders (country1, country2, length) VALUES ('EAT', 'MOC', 756);
INSERT INTO Borders (country1, country2, length) VALUES ('CAM', 'RCB', 523);
INSERT INTO Borders (country1, country2, length) VALUES ('CAM', 'WAN', 1690);
INSERT INTO Borders (country1, country2, length) VALUES ('CAM', 'RCA', 797);
INSERT INTO Borders (country1, country2, length) VALUES ('CAM', 'TCH', 1094);
INSERT INTO Borders (country1, country2, length) VALUES ('CAM', 'GQ', 189);
INSERT INTO Borders (country1, country2, length) VALUES ('CAM', 'G', 298);
INSERT INTO Borders (country1, country2, length) VALUES ('RCA', 'RCB', 467);
INSERT INTO Borders (country1, country2, length) VALUES ('RCA', 'ZRE', 1577);
INSERT INTO Borders (country1, country2, length) VALUES ('RCA', 'TCH', 1197);
INSERT INTO Borders (country1, country2, length) VALUES ('RCA', 'SUD', 1165);
INSERT INTO Borders (country1, country2, length) VALUES ('TCH', 'WAN', 87);
INSERT INTO Borders (country1, country2, length) VALUES ('G', 'RCB', 1903);
INSERT INTO Borders (country1, country2, length) VALUES ('G', 'GQ', 350);
INSERT INTO Borders (country1, country2, length) VALUES ('SUD', 'ZRE', 628);
INSERT INTO Borders (country1, country2, length) VALUES ('SUD', 'TCH', 1360);
INSERT INTO Borders (country1, country2, length) VALUES ('RG', 'RMM', 858);
INSERT INTO Borders (country1, country2, length) VALUES ('RG', 'SN', 330);
INSERT INTO Borders (country1, country2, length) VALUES ('RG', 'WAL', 652);
INSERT INTO Borders (country1, country2, length) VALUES ('LB', 'RG', 563);
INSERT INTO Borders (country1, country2, length) VALUES ('LB', 'WAL', 306);
INSERT INTO Borders (country1, country2, length) VALUES ('DJI', 'ER', 113);
INSERT INTO Borders (country1, country2, length) VALUES ('DJI', 'ETH', 337);
INSERT INTO Borders (country1, country2, length) VALUES ('DJI', 'SP', 58);
INSERT INTO Borders (country1, country2, length) VALUES ('ER', 'SUD', 605);
INSERT INTO Borders (country1, country2, length) VALUES ('ER', 'ETH', 912);
INSERT INTO Borders (country1, country2, length) VALUES ('ETH', 'SUD', 1606);
INSERT INTO Borders (country1, country2, length) VALUES ('ETH', 'SP', 1626);
INSERT INTO Borders (country1, country2, length) VALUES ('EAK', 'EAT', 769);
INSERT INTO Borders (country1, country2, length) VALUES ('EAK', 'SUD', 232);
INSERT INTO Borders (country1, country2, length) VALUES ('EAK', 'ETH', 830);
INSERT INTO Borders (country1, country2, length) VALUES ('EAK', 'SP', 682);
INSERT INTO Borders (country1, country2, length) VALUES ('EAK', 'EAU', 933);
INSERT INTO Borders (country1, country2, length) VALUES ('SN', 'WAG', 740);
INSERT INTO Borders (country1, country2, length) VALUES ('GNB', 'RG', 386);
INSERT INTO Borders (country1, country2, length) VALUES ('GNB', 'SN', 338);
INSERT INTO Borders (country1, country2, length) VALUES ('EAU', 'ZRE', 765);
INSERT INTO Borders (country1, country2, length) VALUES ('EAU', 'RWA', 169);
INSERT INTO Borders (country1, country2, length) VALUES ('EAU', 'SUD', 435);
INSERT INTO Borders (country1, country2, length) VALUES ('LS', 'RSA', 909);
INSERT INTO Borders (country1, country2, length) VALUES ('MW', 'Z', 837);
INSERT INTO Borders (country1, country2, length) VALUES ('MOC', 'Z', 419);
INSERT INTO Borders (country1, country2, length) VALUES ('MOC', 'RSA', 491);
INSERT INTO Borders (country1, country2, length) VALUES ('MOC', 'ZW', 1231);
INSERT INTO Borders (country1, country2, length) VALUES ('MOC', 'MW', 1569);
INSERT INTO Borders (country1, country2, length) VALUES ('MOC', 'SD', 105);
INSERT INTO Borders (country1, country2, length) VALUES ('GR', 'AL', 282);
INSERT INTO Borders (country1, country2, length) VALUES ('MK', 'AL', 151);
INSERT INTO Borders (country1, country2, length) VALUES ('MNE', 'AL', 172);
INSERT INTO Borders (country1, country2, length) VALUES ('KOS', 'AL', 112);
INSERT INTO Borders (country1, country2, length) VALUES ('MK', 'GR', 228);
INSERT INTO Borders (country1, country2, length) VALUES ('TR', 'GR', 206);
INSERT INTO Borders (country1, country2, length) VALUES ('SRB', 'MK', 62);
INSERT INTO Borders (country1, country2, length) VALUES ('SRB', 'MNE', 124);
INSERT INTO Borders (country1, country2, length) VALUES ('MNE', 'KOS', 79);
INSERT INTO Borders (country1, country2, length) VALUES ('SRB', 'KOS', 352);
INSERT INTO Borders (country1, country2, length) VALUES ('MK', 'KOS', 159);
INSERT INTO Borders (country1, country2, length) VALUES ('F', 'AND', 60);
INSERT INTO Borders (country1, country2, length) VALUES ('E', 'AND', 65);
INSERT INTO Borders (country1, country2, length) VALUES ('I', 'F', 488);
INSERT INTO Borders (country1, country2, length) VALUES ('L', 'F', 73);
INSERT INTO Borders (country1, country2, length) VALUES ('MC', 'F', 4.4);
INSERT INTO Borders (country1, country2, length) VALUES ('F', 'E', 623);
INSERT INTO Borders (country1, country2, length) VALUES ('GBZ', 'E', 1.2);
INSERT INTO Borders (country1, country2, length) VALUES ('P', 'E', 1214);
INSERT INTO Borders (country1, country2, length) VALUES ('CZ', 'A', 362);
INSERT INTO Borders (country1, country2, length) VALUES ('D', 'A', 784);
INSERT INTO Borders (country1, country2, length) VALUES ('H', 'A', 366);
INSERT INTO Borders (country1, country2, length) VALUES ('I', 'A', 430);
INSERT INTO Borders (country1, country2, length) VALUES ('FL', 'A', 37);
INSERT INTO Borders (country1, country2, length) VALUES ('SK', 'A', 91);
INSERT INTO Borders (country1, country2, length) VALUES ('SLO', 'A', 324);
INSERT INTO Borders (country1, country2, length) VALUES ('CH', 'A', 164);
INSERT INTO Borders (country1, country2, length) VALUES ('D', 'CZ', 646);
INSERT INTO Borders (country1, country2, length) VALUES ('SK', 'CZ', 215);
INSERT INTO Borders (country1, country2, length) VALUES ('PL', 'CZ', 658);
INSERT INTO Borders (country1, country2, length) VALUES ('F', 'D', 451);
INSERT INTO Borders (country1, country2, length) VALUES ('PL', 'D', 456);
INSERT INTO Borders (country1, country2, length) VALUES ('L', 'D', 138);
INSERT INTO Borders (country1, country2, length) VALUES ('NL', 'D', 577);
INSERT INTO Borders (country1, country2, length) VALUES ('DK', 'D', 68);
INSERT INTO Borders (country1, country2, length) VALUES ('SRB', 'H', 151);
INSERT INTO Borders (country1, country2, length) VALUES ('SK', 'H', 515);
INSERT INTO Borders (country1, country2, length) VALUES ('SLO', 'H', 102);
INSERT INTO Borders (country1, country2, length) VALUES ('UA', 'H', 103);
INSERT INTO Borders (country1, country2, length) VALUES ('HR', 'H', 329);
INSERT INTO Borders (country1, country2, length) VALUES ('RO', 'H', 443);
INSERT INTO Borders (country1, country2, length) VALUES ('SLO', 'I', 235);
INSERT INTO Borders (country1, country2, length) VALUES ('V', 'I', 3.2);
INSERT INTO Borders (country1, country2, length) VALUES ('RSM', 'I', 39);
INSERT INTO Borders (country1, country2, length) VALUES ('UA', 'SK', 90);
INSERT INTO Borders (country1, country2, length) VALUES ('F', 'CH', 573);
INSERT INTO Borders (country1, country2, length) VALUES ('D', 'CH', 334);
INSERT INTO Borders (country1, country2, length) VALUES ('I', 'CH', 740);
INSERT INTO Borders (country1, country2, length) VALUES ('FL', 'CH', 41);
INSERT INTO Borders (country1, country2, length) VALUES ('LV', 'BY', 141);
INSERT INTO Borders (country1, country2, length) VALUES ('LT', 'BY', 502);
INSERT INTO Borders (country1, country2, length) VALUES ('PL', 'BY', 605);
INSERT INTO Borders (country1, country2, length) VALUES ('UA', 'BY', 891);
INSERT INTO Borders (country1, country2, length) VALUES ('R', 'BY', 959);
INSERT INTO Borders (country1, country2, length) VALUES ('R', 'LV', 217);
INSERT INTO Borders (country1, country2, length) VALUES ('LV', 'LT', 453);
INSERT INTO Borders (country1, country2, length) VALUES ('PL', 'LT', 91);
INSERT INTO Borders (country1, country2, length) VALUES ('R', 'LT', 227);
INSERT INTO Borders (country1, country2, length) VALUES ('SK', 'PL', 444);
INSERT INTO Borders (country1, country2, length) VALUES ('UA', 'PL', 428);
INSERT INTO Borders (country1, country2, length) VALUES ('R', 'PL', 206);
INSERT INTO Borders (country1, country2, length) VALUES ('UA', 'R', 1576);
INSERT INTO Borders (country1, country2, length) VALUES ('SF', 'R', 1313);
INSERT INTO Borders (country1, country2, length) VALUES ('TJ', 'R', 3645);
INSERT INTO Borders (country1, country2, length) VALUES ('F', 'B', 620);
INSERT INTO Borders (country1, country2, length) VALUES ('D', 'B', 167);
INSERT INTO Borders (country1, country2, length) VALUES ('L', 'B', 148);
INSERT INTO Borders (country1, country2, length) VALUES ('NL', 'B', 450);
INSERT INTO Borders (country1, country2, length) VALUES ('SRB', 'BIH', 302);
INSERT INTO Borders (country1, country2, length) VALUES ('KOS', 'BIH', 225);
INSERT INTO Borders (country1, country2, length) VALUES ('HR', 'BIH', 932);
INSERT INTO Borders (country1, country2, length) VALUES ('SRB', 'HR', 241);
INSERT INTO Borders (country1, country2, length) VALUES ('MNE', 'HR', 25);
INSERT INTO Borders (country1, country2, length) VALUES ('SLO', 'HR', 546);
INSERT INTO Borders (country1, country2, length) VALUES ('GR', 'BG', 494);
INSERT INTO Borders (country1, country2, length) VALUES ('MK', 'BG', 148);
INSERT INTO Borders (country1, country2, length) VALUES ('SRB', 'BG', 318);
INSERT INTO Borders (country1, country2, length) VALUES ('RO', 'BG', 608);
INSERT INTO Borders (country1, country2, length) VALUES ('TR', 'BG', 240);
INSERT INTO Borders (country1, country2, length) VALUES ('SRB', 'RO', 476);
INSERT INTO Borders (country1, country2, length) VALUES ('UA', 'RO', 531);
INSERT INTO Borders (country1, country2, length) VALUES ('LV', 'EW', 267);
INSERT INTO Borders (country1, country2, length) VALUES ('R', 'EW', 290);
INSERT INTO Borders (country1, country2, length) VALUES ('R', 'N', 167);
INSERT INTO Borders (country1, country2, length) VALUES ('SF', 'N', 729);
INSERT INTO Borders (country1, country2, length) VALUES ('S', 'N', 1619);
INSERT INTO Borders (country1, country2, length) VALUES ('SF', 'S', 586);
INSERT INTO Borders (country1, country2, length) VALUES ('UA', 'MD', 939);
INSERT INTO Borders (country1, country2, length) VALUES ('RO', 'MD', 450);
INSERT INTO Borders (country1, country2, length) VALUES ('IRL', 'GB', 360);
INSERT INTO Borders (country1, country2, length) VALUES ('TJ', 'AFG', 76);
INSERT INTO Borders (country1, country2, length) VALUES ('IR', 'AFG', 936);
INSERT INTO Borders (country1, country2, length) VALUES ('PK', 'AFG', 2430);
INSERT INTO Borders (country1, country2, length) VALUES ('TAD', 'AFG', 1206);
INSERT INTO Borders (country1, country2, length) VALUES ('TM', 'AFG', 744);
INSERT INTO Borders (country1, country2, length) VALUES ('UZB', 'AFG', 137);
INSERT INTO Borders (country1, country2, length) VALUES ('VN', 'TJ', 1281);
INSERT INTO Borders (country1, country2, length) VALUES ('TR', 'IR', 499);
INSERT INTO Borders (country1, country2, length) VALUES ('PK', 'IR', 909);
INSERT INTO Borders (country1, country2, length) VALUES ('TM', 'IR', 992);
INSERT INTO Borders (country1, country2, length) VALUES ('IRQ', 'IR', 1458);
INSERT INTO Borders (country1, country2, length) VALUES ('TJ', 'PK', 523);
INSERT INTO Borders (country1, country2, length) VALUES ('TJ', 'TAD', 414);
INSERT INTO Borders (country1, country2, length) VALUES ('UZB', 'TAD', 1161);
INSERT INTO Borders (country1, country2, length) VALUES ('UZB', 'TM', 1621);
INSERT INTO Borders (country1, country2, length) VALUES ('TR', 'ARM', 268);
INSERT INTO Borders (country1, country2, length) VALUES ('IR', 'ARM', 35);
INSERT INTO Borders (country1, country2, length) VALUES ('GE', 'ARM', 164);
INSERT INTO Borders (country1, country2, length) VALUES ('AZ', 'ARM', 787);
INSERT INTO Borders (country1, country2, length) VALUES ('R', 'GE', 723);
INSERT INTO Borders (country1, country2, length) VALUES ('TR', 'GE', 252);
INSERT INTO Borders (country1, country2, length) VALUES ('R', 'AZ', 284);
INSERT INTO Borders (country1, country2, length) VALUES ('TR', 'AZ', 9);
INSERT INTO Borders (country1, country2, length) VALUES ('IR', 'AZ', 611);
INSERT INTO Borders (country1, country2, length) VALUES ('GE', 'AZ', 322);
INSERT INTO Borders (country1, country2, length) VALUES ('MYA', 'BD', 193);
INSERT INTO Borders (country1, country2, length) VALUES ('IND', 'BD', 4053);
INSERT INTO Borders (country1, country2, length) VALUES ('TJ', 'MYA', 2185);
INSERT INTO Borders (country1, country2, length) VALUES ('THA', 'MYA', 1800);
INSERT INTO Borders (country1, country2, length) VALUES ('TJ', 'IND', 3380);
INSERT INTO Borders (country1, country2, length) VALUES ('PK', 'IND', 2912);
INSERT INTO Borders (country1, country2, length) VALUES ('MYA', 'IND', 1463);
INSERT INTO Borders (country1, country2, length) VALUES ('NEP', 'IND', 1690);
INSERT INTO Borders (country1, country2, length) VALUES ('TJ', 'BHT', 470);
INSERT INTO Borders (country1, country2, length) VALUES ('IND', 'BHT', 605);
INSERT INTO Borders (country1, country2, length) VALUES ('MAL', 'BRU', 381);
INSERT INTO Borders (country1, country2, length) VALUES ('THA', 'MAL', 506);
INSERT INTO Borders (country1, country2, length) VALUES ('RI', 'MAL', 1782);
INSERT INTO Borders (country1, country2, length) VALUES ('TJ', 'LAO', 423);
INSERT INTO Borders (country1, country2, length) VALUES ('MYA', 'LAO', 235);
INSERT INTO Borders (country1, country2, length) VALUES ('THA', 'LAO', 1754);
INSERT INTO Borders (country1, country2, length) VALUES ('VN', 'LAO', 2130);
INSERT INTO Borders (country1, country2, length) VALUES ('LAO', 'K', 541);
INSERT INTO Borders (country1, country2, length) VALUES ('THA', 'K', 803);
INSERT INTO Borders (country1, country2, length) VALUES ('VN', 'K', 1228);
INSERT INTO Borders (country1, country2, length) VALUES ('R', 'KAZ', 6846);
INSERT INTO Borders (country1, country2, length) VALUES ('TJ', 'KAZ', 1533);
INSERT INTO Borders (country1, country2, length) VALUES ('TM', 'KAZ', 379);
INSERT INTO Borders (country1, country2, length) VALUES ('UZB', 'KAZ', 2203);
INSERT INTO Borders (country1, country2, length) VALUES ('KGZ', 'KAZ', 1051);
INSERT INTO Borders (country1, country2, length) VALUES ('R', 'NOK', 19);
INSERT INTO Borders (country1, country2, length) VALUES ('TJ', 'NOK', 1416);
INSERT INTO Borders (country1, country2, length) VALUES ('ROK', 'NOK', 238);
INSERT INTO Borders (country1, country2, length) VALUES ('TJ', 'KGZ', 858);
INSERT INTO Borders (country1, country2, length) VALUES ('TAD', 'KGZ', 870);
INSERT INTO Borders (country1, country2, length) VALUES ('UZB', 'KGZ', 1099);
INSERT INTO Borders (country1, country2, length) VALUES ('TJ', 'HONX', 30);
INSERT INTO Borders (country1, country2, length) VALUES ('TJ', 'MACX', 0.34);
INSERT INTO Borders (country1, country2, length) VALUES ('R', 'MNG', 3441);
INSERT INTO Borders (country1, country2, length) VALUES ('TJ', 'MNG', 4673);
INSERT INTO Borders (country1, country2, length) VALUES ('TJ', 'NEP', 1236);
INSERT INTO Borders (country1, country2, length) VALUES ('JOR', 'IL', 238);
INSERT INTO Borders (country1, country2, length) VALUES ('SYR', 'IL', 76);
INSERT INTO Borders (country1, country2, length) VALUES ('RL', 'IL', 79);
INSERT INTO Borders (country1, country2, length) VALUES ('IL', 'ET', 255);
INSERT INTO Borders (country1, country2, length) VALUES ('LAR', 'ET', 1150);
INSERT INTO Borders (country1, country2, length) VALUES ('SUD', 'ET', 1273);
INSERT INTO Borders (country1, country2, length) VALUES ('TL', 'RI', 228);
INSERT INTO Borders (country1, country2, length) VALUES ('RI', 'PNG', 820);
INSERT INTO Borders (country1, country2, length) VALUES ('TR', 'IRQ', 331);
INSERT INTO Borders (country1, country2, length) VALUES ('JOR', 'IRQ', 181);
INSERT INTO Borders (country1, country2, length) VALUES ('KWT', 'IRQ', 242);
INSERT INTO Borders (country1, country2, length) VALUES ('SA', 'IRQ', 814);
INSERT INTO Borders (country1, country2, length) VALUES ('SYR', 'IRQ', 605);
INSERT INTO Borders (country1, country2, length) VALUES ('SA', 'JOR', 728);
INSERT INTO Borders (country1, country2, length) VALUES ('SYR', 'JOR', 375);
INSERT INTO Borders (country1, country2, length) VALUES ('SA', 'KWT', 222);
INSERT INTO Borders (country1, country2, length) VALUES ('UAE', 'SA', 457);
INSERT INTO Borders (country1, country2, length) VALUES ('YE', 'SA', 1458);
INSERT INTO Borders (country1, country2, length) VALUES ('TR', 'SYR', 822);
INSERT INTO Borders (country1, country2, length) VALUES ('SYR', 'RL', 375);
INSERT INTO Borders (country1, country2, length) VALUES ('SA', 'OM', 676);
INSERT INTO Borders (country1, country2, length) VALUES ('UAE', 'OM', 410);
INSERT INTO Borders (country1, country2, length) VALUES ('YE', 'OM', 288);
INSERT INTO Borders (country1, country2, length) VALUES ('SA', 'Q', 60);
INSERT INTO Borders (country1, country2, length) VALUES ('GCA', 'BZ', 266);
INSERT INTO Borders (country1, country2, length) VALUES ('MEX', 'BZ', 250);
INSERT INTO Borders (country1, country2, length) VALUES ('MEX', 'GCA', 962);
INSERT INTO Borders (country1, country2, length) VALUES ('HCA', 'GCA', 256);
INSERT INTO Borders (country1, country2, length) VALUES ('USA', 'MEX', 3326);
INSERT INTO Borders (country1, country2, length) VALUES ('USA', 'CDN', 8893);
INSERT INTO Borders (country1, country2, length) VALUES ('NIC', 'CR', 309);
INSERT INTO Borders (country1, country2, length) VALUES ('PA', 'CR', 330);
INSERT INTO Borders (country1, country2, length) VALUES ('RH', 'DOM', 275);
INSERT INTO Borders (country1, country2, length) VALUES ('GCA', 'ES', 203);
INSERT INTO Borders (country1, country2, length) VALUES ('HCA', 'ES', 342);
INSERT INTO Borders (country1, country2, length) VALUES ('NIC', 'HCA', 922);
INSERT INTO Borders (country1, country2, length) VALUES ('SMAR', 'NA', 15);
INSERT INTO Borders (country1, country2, length) VALUES ('PA', 'CO', 225);
INSERT INTO Borders (country1, country2, length) VALUES ('PE', 'CO', 2900);
INSERT INTO Borders (country1, country2, length) VALUES ('YV', 'CO', 2050);
INSERT INTO Borders (country1, country2, length) VALUES ('EC', 'CO', 590);
INSERT INTO Borders (country1, country2, length) VALUES ('RCH', 'RA', 5150);
INSERT INTO Borders (country1, country2, length) VALUES ('ROU', 'RA', 579);
INSERT INTO Borders (country1, country2, length) VALUES ('RA', 'BOL', 832);
INSERT INTO Borders (country1, country2, length) VALUES ('BR', 'BOL', 3400);
INSERT INTO Borders (country1, country2, length) VALUES ('RCH', 'BOL', 861);
INSERT INTO Borders (country1, country2, length) VALUES ('PY', 'BOL', 750);
INSERT INTO Borders (country1, country2, length) VALUES ('PE', 'BOL', 900);
INSERT INTO Borders (country1, country2, length) VALUES ('CO', 'BR', 1643);
INSERT INTO Borders (country1, country2, length) VALUES ('RA', 'BR', 1224);
INSERT INTO Borders (country1, country2, length) VALUES ('PY', 'BR', 1290);
INSERT INTO Borders (country1, country2, length) VALUES ('ROU', 'BR', 985);
INSERT INTO Borders (country1, country2, length) VALUES ('PE', 'BR', 1560);
INSERT INTO Borders (country1, country2, length) VALUES ('FGU', 'BR', 673);
INSERT INTO Borders (country1, country2, length) VALUES ('GUY', 'BR', 1119);
INSERT INTO Borders (country1, country2, length) VALUES ('SME', 'BR', 597);
INSERT INTO Borders (country1, country2, length) VALUES ('YV', 'BR', 2200);
INSERT INTO Borders (country1, country2, length) VALUES ('RA', 'PY', 1880);
INSERT INTO Borders (country1, country2, length) VALUES ('RCH', 'PE', 160);
INSERT INTO Borders (country1, country2, length) VALUES ('SME', 'FGU', 510);
INSERT INTO Borders (country1, country2, length) VALUES ('SME', 'GUY', 600);
INSERT INTO Borders (country1, country2, length) VALUES ('YV', 'GUY', 743);
INSERT INTO Borders (country1, country2, length) VALUES ('PE', 'EC', 1420);
INSERT INTO Borders (country1, country2, length) VALUES ('LAR', 'DZ', 982);
INSERT INTO Borders (country1, country2, length) VALUES ('RMM', 'DZ', 1376);
INSERT INTO Borders (country1, country2, length) VALUES ('RIM', 'DZ', 463);
INSERT INTO Borders (country1, country2, length) VALUES ('MA', 'DZ', 1559);
INSERT INTO Borders (country1, country2, length) VALUES ('RN', 'DZ', 956);
INSERT INTO Borders (country1, country2, length) VALUES ('TN', 'DZ', 965);
INSERT INTO Borders (country1, country2, length) VALUES ('WSA', 'DZ', 42);
INSERT INTO Borders (country1, country2, length) VALUES ('RN', 'LAR', 354);
INSERT INTO Borders (country1, country2, length) VALUES ('TN', 'LAR', 459);
INSERT INTO Borders (country1, country2, length) VALUES ('TCH', 'LAR', 1055);
INSERT INTO Borders (country1, country2, length) VALUES ('SUD', 'LAR', 383);
INSERT INTO Borders (country1, country2, length) VALUES ('RN', 'RMM', 821);
INSERT INTO Borders (country1, country2, length) VALUES ('SN', 'RMM', 419);
INSERT INTO Borders (country1, country2, length) VALUES ('RMM', 'RIM', 2237);
INSERT INTO Borders (country1, country2, length) VALUES ('WSA', 'RIM', 1561);
INSERT INTO Borders (country1, country2, length) VALUES ('SN', 'RIM', 813);
INSERT INTO Borders (country1, country2, length) VALUES ('WSA', 'MA', 443);
INSERT INTO Borders (country1, country2, length) VALUES ('WAN', 'RN', 1497);
INSERT INTO Borders (country1, country2, length) VALUES ('TCH', 'RN', 1175);
INSERT INTO Borders (country1, country2, length) VALUES ('RCB', 'ANG', 201);
INSERT INTO Borders (country1, country2, length) VALUES ('NAM', 'ANG', 1376);
INSERT INTO Borders (country1, country2, length) VALUES ('ZRE', 'ANG', 2511);
INSERT INTO Borders (country1, country2, length) VALUES ('Z', 'ANG', 1110);
INSERT INTO Borders (country1, country2, length) VALUES ('ZRE', 'RCB', 2410);
INSERT INTO Borders (country1, country2, length) VALUES ('Z', 'NAM', 233);
INSERT INTO Borders (country1, country2, length) VALUES ('RB', 'NAM', 1360);
INSERT INTO Borders (country1, country2, length) VALUES ('RSA', 'NAM', 855);
INSERT INTO Borders (country1, country2, length) VALUES ('ZRE', 'Z', 1930);
INSERT INTO Borders (country1, country2, length) VALUES ('ZW', 'Z', 797);
INSERT INTO Borders (country1, country2, length) VALUES ('RN', 'BEN', 266);
INSERT INTO Borders (country1, country2, length) VALUES ('BF', 'BEN', 306);
INSERT INTO Borders (country1, country2, length) VALUES ('WAN', 'BEN', 773);
INSERT INTO Borders (country1, country2, length) VALUES ('RT', 'BEN', 644);
INSERT INTO Borders (country1, country2, length) VALUES ('RMM', 'BF', 1000);
INSERT INTO Borders (country1, country2, length) VALUES ('RN', 'BF', 628);
INSERT INTO Borders (country1, country2, length) VALUES ('RT', 'BF', 126);
INSERT INTO Borders (country1, country2, length) VALUES ('CI', 'BF', 584);
INSERT INTO Borders (country1, country2, length) VALUES ('GH', 'BF', 548);
INSERT INTO Borders (country1, country2, length) VALUES ('RSA', 'RB', 1840);
INSERT INTO Borders (country1, country2, length) VALUES ('ZW', 'RB', 813);
INSERT INTO Borders (country1, country2, length) VALUES ('ZW', 'RSA', 225);
INSERT INTO Borders (country1, country2, length) VALUES ('SD', 'RSA', 430);
INSERT INTO Borders (country1, country2, length) VALUES ('RMM', 'CI', 532);
INSERT INTO Borders (country1, country2, length) VALUES ('GH', 'CI', 668);
INSERT INTO Borders (country1, country2, length) VALUES ('RG', 'CI', 610);
INSERT INTO Borders (country1, country2, length) VALUES ('LB', 'CI', 716);
INSERT INTO Borders (country1, country2, length) VALUES ('RT', 'GH', 877);
INSERT INTO Borders (country1, country2, length) VALUES ('ZRE', 'BI', 233);
INSERT INTO Borders (country1, country2, length) VALUES ('RWA', 'BI', 290);
INSERT INTO Borders (country1, country2, length) VALUES ('EAT', 'BI', 451);
INSERT INTO Borders (country1, country2, length) VALUES ('ZRE', 'RWA', 217);
INSERT INTO Borders (country1, country2, length) VALUES ('ZRE', 'EAT', 459);
INSERT INTO Borders (country1, country2, length) VALUES ('Z', 'EAT', 338);
INSERT INTO Borders (country1, country2, length) VALUES ('RWA', 'EAT', 217);
INSERT INTO Borders (country1, country2, length) VALUES ('EAU', 'EAT', 396);
INSERT INTO Borders (country1, country2, length) VALUES ('MW', 'EAT', 475);
INSERT INTO Borders (country1, country2, length) VALUES ('MOC', 'EAT', 756);
INSERT INTO Borders (country1, country2, length) VALUES ('RCB', 'CAM', 523);
INSERT INTO Borders (country1, country2, length) VALUES ('WAN', 'CAM', 1690);
INSERT INTO Borders (country1, country2, length) VALUES ('RCA', 'CAM', 797);
INSERT INTO Borders (country1, country2, length) VALUES ('TCH', 'CAM', 1094);
INSERT INTO Borders (country1, country2, length) VALUES ('GQ', 'CAM', 189);
INSERT INTO Borders (country1, country2, length) VALUES ('G', 'CAM', 298);
INSERT INTO Borders (country1, country2, length) VALUES ('RCB', 'RCA', 467);
INSERT INTO Borders (country1, country2, length) VALUES ('ZRE', 'RCA', 1577);
INSERT INTO Borders (country1, country2, length) VALUES ('TCH', 'RCA', 1197);
INSERT INTO Borders (country1, country2, length) VALUES ('SUD', 'RCA', 1165);
INSERT INTO Borders (country1, country2, length) VALUES ('WAN', 'TCH', 87);
INSERT INTO Borders (country1, country2, length) VALUES ('RCB', 'G', 1903);
INSERT INTO Borders (country1, country2, length) VALUES ('GQ', 'G', 350);
INSERT INTO Borders (country1, country2, length) VALUES ('ZRE', 'SUD', 628);
INSERT INTO Borders (country1, country2, length) VALUES ('TCH', 'SUD', 1360);
INSERT INTO Borders (country1, country2, length) VALUES ('RMM', 'RG', 858);
INSERT INTO Borders (country1, country2, length) VALUES ('SN', 'RG', 330);
INSERT INTO Borders (country1, country2, length) VALUES ('WAL', 'RG', 652);
INSERT INTO Borders (country1, country2, length) VALUES ('RG', 'LB', 563);
INSERT INTO Borders (country1, country2, length) VALUES ('WAL', 'LB', 306);
INSERT INTO Borders (country1, country2, length) VALUES ('ER', 'DJI', 113);
INSERT INTO Borders (country1, country2, length) VALUES ('ETH', 'DJI', 337);
INSERT INTO Borders (country1, country2, length) VALUES ('SP', 'DJI', 58);
INSERT INTO Borders (country1, country2, length) VALUES ('SUD', 'ER', 605);
INSERT INTO Borders (country1, country2, length) VALUES ('ETH', 'ER', 912);
INSERT INTO Borders (country1, country2, length) VALUES ('SUD', 'ETH', 1606);
INSERT INTO Borders (country1, country2, length) VALUES ('SP', 'ETH', 1626);
INSERT INTO Borders (country1, country2, length) VALUES ('EAT', 'EAK', 769);
INSERT INTO Borders (country1, country2, length) VALUES ('SUD', 'EAK', 232);
INSERT INTO Borders (country1, country2, length) VALUES ('ETH', 'EAK', 830);
INSERT INTO Borders (country1, country2, length) VALUES ('SP', 'EAK', 682);
INSERT INTO Borders (country1, country2, length) VALUES ('EAU', 'EAK', 933);
INSERT INTO Borders (country1, country2, length) VALUES ('WAG', 'SN', 740);
INSERT INTO Borders (country1, country2, length) VALUES ('RG', 'GNB', 386);
INSERT INTO Borders (country1, country2, length) VALUES ('SN', 'GNB', 338);
INSERT INTO Borders (country1, country2, length) VALUES ('ZRE', 'EAU', 765);
INSERT INTO Borders (country1, country2, length) VALUES ('RWA', 'EAU', 169);
INSERT INTO Borders (country1, country2, length) VALUES ('SUD', 'EAU', 435);
INSERT INTO Borders (country1, country2, length) VALUES ('RSA', 'LS', 909);
INSERT INTO Borders (country1, country2, length) VALUES ('Z', 'MW', 837);
INSERT INTO Borders (country1, country2, length) VALUES ('Z', 'MOC', 419);
INSERT INTO Borders (country1, country2, length) VALUES ('RSA', 'MOC', 491);
INSERT INTO Borders (country1, country2, length) VALUES ('ZW', 'MOC', 1231);
INSERT INTO Borders (country1, country2, length) VALUES ('MW', 'MOC', 1569);
INSERT INTO Borders (country1, country2, length) VALUES ('SD', 'MOC', 105);

-- INSERT : Language
INSERT INTO Language (country, name, percentage) VALUES ('MK', 'Albanian', 21);
INSERT INTO Language (country, name, percentage) VALUES ('MK', 'Macedonian', 70);
INSERT INTO Language (country, name, percentage) VALUES ('MK', 'Turkish', 3);
INSERT INTO Language (country, name, percentage) VALUES ('MK', 'Serbian', 3);
INSERT INTO Language (country, name, percentage) VALUES ('SRB', 'Serbian', 88.3);
INSERT INTO Language (country, name, percentage) VALUES ('SRB', 'Hungarian', 3.8);
INSERT INTO Language (country, name, percentage) VALUES ('SRB', 'Bosnian', 1.8);
INSERT INTO Language (country, name, percentage) VALUES ('SRB', 'Roma', 1.1);
INSERT INTO Language (country, name, percentage) VALUES ('MNE', 'Serbian', 63.6);
INSERT INTO Language (country, name, percentage) VALUES ('MNE', 'Montenegrin', 22);
INSERT INTO Language (country, name, percentage) VALUES ('MNE', 'Bosnian', 5.5);
INSERT INTO Language (country, name, percentage) VALUES ('MNE', 'Albanian', 5.3);
INSERT INTO Language (country, name, percentage) VALUES ('F', 'French', 100);
INSERT INTO Language (country, name, percentage) VALUES ('E', 'Catalan', 17);
INSERT INTO Language (country, name, percentage) VALUES ('E', 'Galician', 7);
INSERT INTO Language (country, name, percentage) VALUES ('E', 'Basque', 2);
INSERT INTO Language (country, name, percentage) VALUES ('A', 'German', 100);
INSERT INTO Language (country, name, percentage) VALUES ('D', 'German', 100);
INSERT INTO Language (country, name, percentage) VALUES ('H', 'Hungarian', 98.2);
INSERT INTO Language (country, name, percentage) VALUES ('SLO', 'Slovenian', 91);
INSERT INTO Language (country, name, percentage) VALUES ('SLO', 'Croatian', 7);
INSERT INTO Language (country, name, percentage) VALUES ('CH', 'French', 18);
INSERT INTO Language (country, name, percentage) VALUES ('CH', 'German', 65);
INSERT INTO Language (country, name, percentage) VALUES ('CH', 'Italian', 12);
INSERT INTO Language (country, name, percentage) VALUES ('CH', 'Romansch', 1);
INSERT INTO Language (country, name, percentage) VALUES ('PL', 'Polish', 100);
INSERT INTO Language (country, name, percentage) VALUES ('R', 'Russian', 100);
INSERT INTO Language (country, name, percentage) VALUES ('B', 'French', 32);
INSERT INTO Language (country, name, percentage) VALUES ('B', 'German', 1);
INSERT INTO Language (country, name, percentage) VALUES ('B', 'Dutch', 56);
INSERT INTO Language (country, name, percentage) VALUES ('NL', 'Dutch', 100);
INSERT INTO Language (country, name, percentage) VALUES ('BIH', 'Serbo-Croatian', 99);
INSERT INTO Language (country, name, percentage) VALUES ('HR', 'Serbo-Croatian', 96);
INSERT INTO Language (country, name, percentage) VALUES ('BG', 'Bulgarian', 100);
INSERT INTO Language (country, name, percentage) VALUES ('SF', 'Swedish', 6.3);
INSERT INTO Language (country, name, percentage) VALUES ('SF', 'Finnish', 93.5);
INSERT INTO Language (country, name, percentage) VALUES ('N', 'Norwegian', 100);
INSERT INTO Language (country, name, percentage) VALUES ('S', 'Swedish', 100);
INSERT INTO Language (country, name, percentage) VALUES ('IS', 'Icelandic', 100);
INSERT INTO Language (country, name, percentage) VALUES ('RSM', 'Italian', 100);
INSERT INTO Language (country, name, percentage) VALUES ('P', 'Portuguese', 100);
INSERT INTO Language (country, name, percentage) VALUES ('AFG', 'Turkic', 11);
INSERT INTO Language (country, name, percentage) VALUES ('AFG', 'Pashtu', 35);
INSERT INTO Language (country, name, percentage) VALUES ('AFG', 'Afghan Persian', 50);
INSERT INTO Language (country, name, percentage) VALUES ('IR', 'Turkish', 1);
INSERT INTO Language (country, name, percentage) VALUES ('IR', 'Kurdish', 9);
INSERT INTO Language (country, name, percentage) VALUES ('IR', 'Balochi', 1);
INSERT INTO Language (country, name, percentage) VALUES ('IR', 'Arabic', 1);
INSERT INTO Language (country, name, percentage) VALUES ('IR', 'Luri', 2);
INSERT INTO Language (country, name, percentage) VALUES ('IR', 'Persian', 58);
INSERT INTO Language (country, name, percentage) VALUES ('IR', 'Turkic', 26);
INSERT INTO Language (country, name, percentage) VALUES ('PK', 'Pashtu', 8);
INSERT INTO Language (country, name, percentage) VALUES ('PK', 'Urdu', 8);
INSERT INTO Language (country, name, percentage) VALUES ('PK', 'Punjabi', 48);
INSERT INTO Language (country, name, percentage) VALUES ('PK', 'Sindhi', 12);
INSERT INTO Language (country, name, percentage) VALUES ('PK', 'Balochi', 3);
INSERT INTO Language (country, name, percentage) VALUES ('PK', 'Hindko', 2);
INSERT INTO Language (country, name, percentage) VALUES ('PK', 'Brahui', 1);
INSERT INTO Language (country, name, percentage) VALUES ('PK', 'Siraiki', 10);
INSERT INTO Language (country, name, percentage) VALUES ('TM', 'Russian', 12);
INSERT INTO Language (country, name, percentage) VALUES ('TM', 'Uzbek', 9);
INSERT INTO Language (country, name, percentage) VALUES ('TM', 'Turkmen', 72);
INSERT INTO Language (country, name, percentage) VALUES ('UZB', 'Russian', 14.2);
INSERT INTO Language (country, name, percentage) VALUES ('UZB', 'Tajik', 4.4);
INSERT INTO Language (country, name, percentage) VALUES ('UZB', 'Uzbek', 74.3);
INSERT INTO Language (country, name, percentage) VALUES ('ARM', 'Russian', 2);
INSERT INTO Language (country, name, percentage) VALUES ('ARM', 'Armenian', 96);
INSERT INTO Language (country, name, percentage) VALUES ('GE', 'Russian', 9);
INSERT INTO Language (country, name, percentage) VALUES ('GE', 'Armenian', 7);
INSERT INTO Language (country, name, percentage) VALUES ('GE', 'Azeri', 6);
INSERT INTO Language (country, name, percentage) VALUES ('GE', 'Georgian', 71);
INSERT INTO Language (country, name, percentage) VALUES ('AZ', 'Russian', 3);
INSERT INTO Language (country, name, percentage) VALUES ('AZ', 'Armenian', 2);
INSERT INTO Language (country, name, percentage) VALUES ('AZ', 'Azeri', 89);
INSERT INTO Language (country, name, percentage) VALUES ('MYA', 'Burmese', 100);
INSERT INTO Language (country, name, percentage) VALUES ('IND', 'Hindi', 30);
INSERT INTO Language (country, name, percentage) VALUES ('KAZ', 'Kazak', 40);
INSERT INTO Language (country, name, percentage) VALUES ('NOK', 'Korean', 100);
INSERT INTO Language (country, name, percentage) VALUES ('HONX', 'Chinese', 95.6);
INSERT INTO Language (country, name, percentage) VALUES ('HONX', 'English', 3.2);
INSERT INTO Language (country, name, percentage) VALUES ('MACX', 'Portuguese', 4);
INSERT INTO Language (country, name, percentage) VALUES ('MNG', 'Khalkha Mongol', 90);
INSERT INTO Language (country, name, percentage) VALUES ('NEP', 'Nepali', 100);
INSERT INTO Language (country, name, percentage) VALUES ('PNG', 'English', 1);
INSERT INTO Language (country, name, percentage) VALUES ('SA', 'Arabic', 100);
INSERT INTO Language (country, name, percentage) VALUES ('J', 'Japanese', 100);
INSERT INTO Language (country, name, percentage) VALUES ('YE', 'Arabic', 100);
INSERT INTO Language (country, name, percentage) VALUES ('CL', 'Tamil', 18);
INSERT INTO Language (country, name, percentage) VALUES ('CL', 'Sinhala', 74);
INSERT INTO Language (country, name, percentage) VALUES ('AXA', 'English', 100);
INSERT INTO Language (country, name, percentage) VALUES ('AG', 'English', 100);
INSERT INTO Language (country, name, percentage) VALUES ('BDS', 'English', 100);
INSERT INTO Language (country, name, percentage) VALUES ('GCA', 'Spanish', 60);
INSERT INTO Language (country, name, percentage) VALUES ('GCA', 'Indian', 40);
INSERT INTO Language (country, name, percentage) VALUES ('BVIR', 'English', 100);
INSERT INTO Language (country, name, percentage) VALUES ('CAYM', 'English', 95);
INSERT INTO Language (country, name, percentage) VALUES ('CAYM', 'Spanish', 3.2);
INSERT INTO Language (country, name, percentage) VALUES ('NIC', 'Spanish', 100);
INSERT INTO Language (country, name, percentage) VALUES ('PA', 'English', 14);
INSERT INTO Language (country, name, percentage) VALUES ('C', 'Spanish', 100);
INSERT INTO Language (country, name, percentage) VALUES ('DOM', 'Spanish', 100);
INSERT INTO Language (country, name, percentage) VALUES ('RH', 'French', 10);
INSERT INTO Language (country, name, percentage) VALUES ('GUAD', 'French', 99);
INSERT INTO Language (country, name, percentage) VALUES ('MNTS', 'English', 100);
INSERT INTO Language (country, name, percentage) VALUES ('NA', 'Papiamento', 65.4);
INSERT INTO Language (country, name, percentage) VALUES ('NA', 'English', 15.9);
INSERT INTO Language (country, name, percentage) VALUES ('NA', 'Dutch', 7.3);
INSERT INTO Language (country, name, percentage) VALUES ('NA', 'Spanish', 6.1);
INSERT INTO Language (country, name, percentage) VALUES ('NA', 'Creole', 1.6);
INSERT INTO Language (country, name, percentage) VALUES ('CO', 'Spanish', 100);
INSERT INTO Language (country, name, percentage) VALUES ('KN', 'English', 100);
INSERT INTO Language (country, name, percentage) VALUES ('SPMI', 'French', 100);
INSERT INTO Language (country, name, percentage) VALUES ('TUCA', 'English', 100);
INSERT INTO Language (country, name, percentage) VALUES ('AMSA', 'Samoan', 90.6);
INSERT INTO Language (country, name, percentage) VALUES ('AMSA', 'English', 2.9);
INSERT INTO Language (country, name, percentage) VALUES ('AMSA', 'Tongan', 2.4);
INSERT INTO Language (country, name, percentage) VALUES ('AUS', 'English', 100);
INSERT INTO Language (country, name, percentage) VALUES ('FPOL', 'French', 61.1);
INSERT INTO Language (country, name, percentage) VALUES ('FPOL', 'Polynesian', 31.4);
INSERT INTO Language (country, name, percentage) VALUES ('GUAM', 'English', 38.3);
INSERT INTO Language (country, name, percentage) VALUES ('GUAM', 'Chamorro', 22.2);
INSERT INTO Language (country, name, percentage) VALUES ('GUAM', 'Phillipine Languages', 22.2);
INSERT INTO Language (country, name, percentage) VALUES ('NMIS', 'Phillipine Languages', 24.4);
INSERT INTO Language (country, name, percentage) VALUES ('NMIS', 'Chinese Languages', 23.4);
INSERT INTO Language (country, name, percentage) VALUES ('NMIS', 'Chamorro', 22.4);
INSERT INTO Language (country, name, percentage) VALUES ('NMIS', 'English', 10.8);
INSERT INTO Language (country, name, percentage) VALUES ('NMIS', 'Other Pacific Island Languages', 9.5);
INSERT INTO Language (country, name, percentage) VALUES ('PITC', 'Pitkern', 100);
INSERT INTO Language (country, name, percentage) VALUES ('SLB', 'English', 1);
INSERT INTO Language (country, name, percentage) VALUES ('WAFU', 'Wallisian', 58.9);
INSERT INTO Language (country, name, percentage) VALUES ('WAFU', 'Futunian', 30.1);
INSERT INTO Language (country, name, percentage) VALUES ('WAFU', 'French', 10.8);
INSERT INTO Language (country, name, percentage) VALUES ('RCH', 'Spanish', 100);
INSERT INTO Language (country, name, percentage) VALUES ('FGU', 'French', 100);
INSERT INTO Language (country, name, percentage) VALUES ('FALK', 'English', 100);
INSERT INTO Language (country, name, percentage) VALUES ('RMM', 'Bambara', 80);
INSERT INTO Language (country, name, percentage) VALUES ('NAM', 'German', 32);
INSERT INTO Language (country, name, percentage) VALUES ('NAM', 'English', 7);
INSERT INTO Language (country, name, percentage) VALUES ('NAM', 'Afrikaans', 60);
INSERT INTO Language (country, name, percentage) VALUES ('RG', 'French', 100);
INSERT INTO Language (country, name, percentage) VALUES ('LB', 'English', 20);
INSERT INTO Language (country, name, percentage) VALUES ('MOC', 'Portuguese', 100);
INSERT INTO Language (country, name, percentage) VALUES ('HELX', 'English', 100);
INSERT INTO Language (country, name, percentage) VALUES ('STP', 'Portuguese', 100);

-- INSERT : EthnicGroup
INSERT INTO EthnicGroup (name, country, percentage) VALUES ('Greeks', 'AL', 3);
INSERT INTO EthnicGroup (name, country, percentage) VALUES ('Albanian', 'AL', 95);
INSERT INTO EthnicGroup (name, country, percentage) VALUES ('Greek', 'GR', 98);
INSERT INTO EthnicGroup (name, country, percentage) VALUES ('Albanian', 'MK', 22);
INSERT INTO EthnicGroup (name, country, percentage) VALUES ('Serb', 'MK', 2);
INSERT INTO EthnicGroup (name, country, percentage) VALUES ('Macedonian', 'MK', 65);
INSERT INTO EthnicGroup (name, country, percentage) VALUES ('Turkish', 'MK', 4);
INSERT INTO EthnicGroup (name, country, percentage) VALUES ('Gypsy', 'MK', 3);
INSERT INTO EthnicGroup (name, country, percentage) VALUES ('Serb', 'SRB', 82.9);
INSERT INTO EthnicGroup (name, country, percentage) VALUES ('Montenegrin', 'SRB', 0.9);
INSERT INTO EthnicGroup (name, country, percentage) VALUES ('Hungarian', 'SRB', 3.9);
INSERT INTO EthnicGroup (name, country, percentage) VALUES ('Roma', 'SRB', 1.4);
INSERT INTO EthnicGroup (name, country, percentage) VALUES ('Bosniak', 'SRB', 1.8);
INSERT INTO EthnicGroup (name, country, percentage) VALUES ('Croat', 'SRB', 1.1);
INSERT INTO EthnicGroup (name, country, percentage) VALUES ('Montenegrin', 'MNE', 43);
INSERT INTO EthnicGroup (name, country, percentage) VALUES ('Serb', 'MNE', 32);
INSERT INTO EthnicGroup (name, country, percentage) VALUES ('Bosniak', 'MNE', 8);
INSERT INTO EthnicGroup (name, country, percentage) VALUES ('Albanian', 'MNE', 5);
INSERT INTO EthnicGroup (name, country, percentage) VALUES ('Albanian', 'KOS', 88);
INSERT INTO EthnicGroup (name, country, percentage) VALUES ('Serb', 'KOS', 7);
INSERT INTO EthnicGroup (name, country, percentage) VALUES ('French', 'AND', 6);
INSERT INTO EthnicGroup (name, country, percentage) VALUES ('Spanish', 'AND', 61);
INSERT INTO EthnicGroup (name, country, percentage) VALUES ('Andorran', 'AND', 30);
INSERT INTO EthnicGroup (name, country, percentage) VALUES ('Mediterranean Nordic', 'E', 100);
INSERT INTO EthnicGroup (name, country, percentage) VALUES ('German', 'A', 99.4);
INSERT INTO EthnicGroup (name, country, percentage) VALUES ('Slovene', 'A', 0.2);
INSERT INTO EthnicGroup (name, country, percentage) VALUES ('Croat', 'A', 0.3);
INSERT INTO EthnicGroup (name, country, percentage) VALUES ('German', 'CZ', 0.5);
INSERT INTO EthnicGroup (name, country, percentage) VALUES ('Polish', 'CZ', 0.6);
INSERT INTO EthnicGroup (name, country, percentage) VALUES ('Roma', 'CZ', 0.3);
INSERT INTO EthnicGroup (name, country, percentage) VALUES ('Hungarian', 'CZ', 0.2);
INSERT INTO EthnicGroup (name, country, percentage) VALUES ('Czech', 'CZ', 94.4);
INSERT INTO EthnicGroup (name, country, percentage) VALUES ('Slovak', 'CZ', 3);
INSERT INTO EthnicGroup (name, country, percentage) VALUES ('Greek', 'D', 0.4);
INSERT INTO EthnicGroup (name, country, percentage) VALUES ('Turkish', 'D', 2.3);
INSERT INTO EthnicGroup (name, country, percentage) VALUES ('German', 'D', 95.1);
INSERT INTO EthnicGroup (name, country, percentage) VALUES ('Italian', 'D', 0.7);
INSERT INTO EthnicGroup (name, country, percentage) VALUES ('Polish', 'D', 0.4);
INSERT INTO EthnicGroup (name, country, percentage) VALUES ('Serb', 'H', 2);
INSERT INTO EthnicGroup (name, country, percentage) VALUES ('German', 'H', 2.6);
INSERT INTO EthnicGroup (name, country, percentage) VALUES ('Roma', 'H', 4);
INSERT INTO EthnicGroup (name, country, percentage) VALUES ('Hungarian', 'H', 89.9);
INSERT INTO EthnicGroup (name, country, percentage) VALUES ('Slovak', 'H', 0.8);
INSERT INTO EthnicGroup (name, country, percentage) VALUES ('Romanian', 'H', 0.7);
INSERT INTO EthnicGroup (name, country, percentage) VALUES ('Italian', 'FL', 5);
INSERT INTO EthnicGroup (name, country, percentage) VALUES ('Alemannic', 'FL', 95);
INSERT INTO EthnicGroup (name, country, percentage) VALUES ('German', 'SK', 0.1);
INSERT INTO EthnicGroup (name, country, percentage) VALUES ('Polish', 'SK', 0.1);
INSERT INTO EthnicGroup (name, country, percentage) VALUES ('Roma', 'SK', 1.5);
INSERT INTO EthnicGroup (name, country, percentage) VALUES ('Hungarian', 'SK', 10.7);
INSERT INTO EthnicGroup (name, country, percentage) VALUES ('Czech', 'SK', 1);
INSERT INTO EthnicGroup (name, country, percentage) VALUES ('Slovak', 'SK', 85.7);
INSERT INTO EthnicGroup (name, country, percentage) VALUES ('Ukrainian', 'SK', 0.3);
INSERT INTO EthnicGroup (name, country, percentage) VALUES ('Ruthenian', 'SK', 0.3);
INSERT INTO EthnicGroup (name, country, percentage) VALUES ('Serb', 'SLO', 2);
INSERT INTO EthnicGroup (name, country, percentage) VALUES ('Slovene', 'SLO', 91);
INSERT INTO EthnicGroup (name, country, percentage) VALUES ('Muslim', 'SLO', 1);
INSERT INTO EthnicGroup (name, country, percentage) VALUES ('Croat', 'SLO', 3);
INSERT INTO EthnicGroup (name, country, percentage) VALUES ('Polish', 'BY', 4.1);
INSERT INTO EthnicGroup (name, country, percentage) VALUES ('Ukrainian', 'BY', 2.9);
INSERT INTO EthnicGroup (name, country, percentage) VALUES ('Russian', 'BY', 13.2);
INSERT INTO EthnicGroup (name, country, percentage) VALUES ('Byelorussian', 'BY', 77.9);
INSERT INTO EthnicGroup (name, country, percentage) VALUES ('Polish', 'LV', 2.3);
INSERT INTO EthnicGroup (name, country, percentage) VALUES ('Ukrainian', 'LV', 3.4);
INSERT INTO EthnicGroup (name, country, percentage) VALUES ('Russian', 'LV', 33.8);
INSERT INTO EthnicGroup (name, country, percentage) VALUES ('Byelorussian', 'LV', 4.5);
INSERT INTO EthnicGroup (name, country, percentage) VALUES ('Latvian', 'LV', 51.8);
INSERT INTO EthnicGroup (name, country, percentage) VALUES ('Polish', 'LT', 7.7);
INSERT INTO EthnicGroup (name, country, percentage) VALUES ('Russian', 'LT', 8.6);
INSERT INTO EthnicGroup (name, country, percentage) VALUES ('Byelorussian', 'LT', 1.5);
INSERT INTO EthnicGroup (name, country, percentage) VALUES ('Lithuanian', 'LT', 80.1);
INSERT INTO EthnicGroup (name, country, percentage) VALUES ('German', 'PL', 1.3);
INSERT INTO EthnicGroup (name, country, percentage) VALUES ('Polish', 'PL', 97.6);
INSERT INTO EthnicGroup (name, country, percentage) VALUES ('Ukrainian', 'PL', 0.6);
INSERT INTO EthnicGroup (name, country, percentage) VALUES ('Byelorussian', 'PL', 0.5);
INSERT INTO EthnicGroup (name, country, percentage) VALUES ('Ukrainian', 'UA', 73);
INSERT INTO EthnicGroup (name, country, percentage) VALUES ('Russian', 'UA', 22);
INSERT INTO EthnicGroup (name, country, percentage) VALUES ('Jewish', 'UA', 1);
INSERT INTO EthnicGroup (name, country, percentage) VALUES ('Ukrainian', 'R', 3);
INSERT INTO EthnicGroup (name, country, percentage) VALUES ('Russian', 'R', 81.5);
INSERT INTO EthnicGroup (name, country, percentage) VALUES ('Byelorussian', 'R', 0.8);
INSERT INTO EthnicGroup (name, country, percentage) VALUES ('Tatar', 'R', 3.8);
INSERT INTO EthnicGroup (name, country, percentage) VALUES ('Chuvash', 'R', 1.2);
INSERT INTO EthnicGroup (name, country, percentage) VALUES ('Bashkir', 'R', 0.9);
INSERT INTO EthnicGroup (name, country, percentage) VALUES ('Moldavian', 'R', 0.7);
INSERT INTO EthnicGroup (name, country, percentage) VALUES ('Fleming', 'B', 55);
INSERT INTO EthnicGroup (name, country, percentage) VALUES ('Walloon', 'B', 33);
INSERT INTO EthnicGroup (name, country, percentage) VALUES ('Dutch', 'NL', 96);
INSERT INTO EthnicGroup (name, country, percentage) VALUES ('Serb', 'BIH', 40);
INSERT INTO EthnicGroup (name, country, percentage) VALUES ('Muslim', 'BIH', 38);
INSERT INTO EthnicGroup (name, country, percentage) VALUES ('Croat', 'BIH', 22);
INSERT INTO EthnicGroup (name, country, percentage) VALUES ('Serb', 'HR', 12);
INSERT INTO EthnicGroup (name, country, percentage) VALUES ('Hungarian', 'HR', 0.5);
INSERT INTO EthnicGroup (name, country, percentage) VALUES ('Muslim', 'HR', 0.9);
INSERT INTO EthnicGroup (name, country, percentage) VALUES ('Croat', 'HR', 78);
INSERT INTO EthnicGroup (name, country, percentage) VALUES ('Slovene', 'HR', 0.5);
INSERT INTO EthnicGroup (name, country, percentage) VALUES ('Macedonian', 'BG', 2.5);
INSERT INTO EthnicGroup (name, country, percentage) VALUES ('Roma', 'BG', 2.6);
INSERT INTO EthnicGroup (name, country, percentage) VALUES ('Russian', 'BG', 0.2);
INSERT INTO EthnicGroup (name, country, percentage) VALUES ('Turk', 'BG', 8.5);
INSERT INTO EthnicGroup (name, country, percentage) VALUES ('Bulgarian', 'BG', 85.3);
INSERT INTO EthnicGroup (name, country, percentage) VALUES ('Armenian', 'BG', 0.3);
INSERT INTO EthnicGroup (name, country, percentage) VALUES ('German', 'RO', 0.4);
INSERT INTO EthnicGroup (name, country, percentage) VALUES ('Roma', 'RO', 1.6);
INSERT INTO EthnicGroup (name, country, percentage) VALUES ('Hungarian', 'RO', 8.9);
INSERT INTO EthnicGroup (name, country, percentage) VALUES ('Romanian', 'RO', 89.1);
INSERT INTO EthnicGroup (name, country, percentage) VALUES ('Turkish', 'TR', 80);
INSERT INTO EthnicGroup (name, country, percentage) VALUES ('Kurdish', 'TR', 20);
INSERT INTO EthnicGroup (name, country, percentage) VALUES ('Ukrainian', 'EW', 3.2);
INSERT INTO EthnicGroup (name, country, percentage) VALUES ('Russian', 'EW', 30.3);
INSERT INTO EthnicGroup (name, country, percentage) VALUES ('Byelorussian', 'EW', 1.8);
INSERT INTO EthnicGroup (name, country, percentage) VALUES ('Finn', 'EW', 1.1);
INSERT INTO EthnicGroup (name, country, percentage) VALUES ('Estonian', 'EW', 61.5);
INSERT INTO EthnicGroup (name, country, percentage) VALUES ('Scandinavian', 'FARX', 100);
INSERT INTO EthnicGroup (name, country, percentage) VALUES ('foreign-born first-generation', 'S', 12);
INSERT INTO EthnicGroup (name, country, percentage) VALUES ('French', 'MC', 47);
INSERT INTO EthnicGroup (name, country, percentage) VALUES ('Italian', 'MC', 16);
INSERT INTO EthnicGroup (name, country, percentage) VALUES ('Monegasque', 'MC', 16);
INSERT INTO EthnicGroup (name, country, percentage) VALUES ('Norman-French', 'GBG', 100);
INSERT INTO EthnicGroup (name, country, percentage) VALUES ('Celt', 'IS', 100);
INSERT INTO EthnicGroup (name, country, percentage) VALUES ('Norman-French', 'GBJ', 100);
INSERT INTO EthnicGroup (name, country, percentage) VALUES ('Ukrainian', 'MD', 13.8);
INSERT INTO EthnicGroup (name, country, percentage) VALUES ('Russian', 'MD', 13);
INSERT INTO EthnicGroup (name, country, percentage) VALUES ('Jewish', 'MD', 1.5);
INSERT INTO EthnicGroup (name, country, percentage) VALUES ('Bulgarian', 'MD', 2);
INSERT INTO EthnicGroup (name, country, percentage) VALUES ('Gagauz', 'MD', 3.5);
INSERT INTO EthnicGroup (name, country, percentage) VALUES ('Moldavian/Romanian', 'MD', 64.5);
INSERT INTO EthnicGroup (name, country, percentage) VALUES ('Norwegian', 'SVAX', 55.4);
INSERT INTO EthnicGroup (name, country, percentage) VALUES ('Russian Ukrainian', 'SVAX', 44.3);
INSERT INTO EthnicGroup (name, country, percentage) VALUES ('English', 'GB', 81.5);
INSERT INTO EthnicGroup (name, country, percentage) VALUES ('Irish', 'GB', 2.4);
INSERT INTO EthnicGroup (name, country, percentage) VALUES ('Welsh', 'GB', 1.9);
INSERT INTO EthnicGroup (name, country, percentage) VALUES ('Scottish', 'GB', 9.6);
INSERT INTO EthnicGroup (name, country, percentage) VALUES ('Ulster', 'GB', 1.8);
INSERT INTO EthnicGroup (name, country, percentage) VALUES ('Tajik', 'AFG', 25);
INSERT INTO EthnicGroup (name, country, percentage) VALUES ('Pashtun', 'AFG', 38);
INSERT INTO EthnicGroup (name, country, percentage) VALUES ('Uzbek', 'AFG', 6);
INSERT INTO EthnicGroup (name, country, percentage) VALUES ('Hazara', 'AFG', 19);
INSERT INTO EthnicGroup (name, country, percentage) VALUES ('Han Chinese', 'TJ', 91.9);
INSERT INTO EthnicGroup (name, country, percentage) VALUES ('Arab', 'IR', 3);
INSERT INTO EthnicGroup (name, country, percentage) VALUES ('Persian', 'IR', 51);
INSERT INTO EthnicGroup (name, country, percentage) VALUES ('Baloch', 'IR', 2);
INSERT INTO EthnicGroup (name, country, percentage) VALUES ('Azerbaijani', 'IR', 24);
INSERT INTO EthnicGroup (name, country, percentage) VALUES ('Kurd', 'IR', 7);
INSERT INTO EthnicGroup (name, country, percentage) VALUES ('Lur', 'IR', 2);
INSERT INTO EthnicGroup (name, country, percentage) VALUES ('Turkmen', 'IR', 2);
INSERT INTO EthnicGroup (name, country, percentage) VALUES ('Gilaki Mazandarani', 'IR', 8);
INSERT INTO EthnicGroup (name, country, percentage) VALUES ('Russian', 'TAD', 3.5);
INSERT INTO EthnicGroup (name, country, percentage) VALUES ('Tajik', 'TAD', 64.9);
INSERT INTO EthnicGroup (name, country, percentage) VALUES ('Uzbek', 'TAD', 25);
INSERT INTO EthnicGroup (name, country, percentage) VALUES ('Russian', 'TM', 9.8);
INSERT INTO EthnicGroup (name, country, percentage) VALUES ('Uzbek', 'TM', 9);
INSERT INTO EthnicGroup (name, country, percentage) VALUES ('Turkmen', 'TM', 73.3);
INSERT INTO EthnicGroup (name, country, percentage) VALUES ('Kazak', 'TM', 2);
INSERT INTO EthnicGroup (name, country, percentage) VALUES ('Russian', 'UZB', 8.3);
INSERT INTO EthnicGroup (name, country, percentage) VALUES ('Tatar', 'UZB', 2.4);
INSERT INTO EthnicGroup (name, country, percentage) VALUES ('Tajik', 'UZB', 4.7);
INSERT INTO EthnicGroup (name, country, percentage) VALUES ('Uzbek', 'UZB', 71.4);
INSERT INTO EthnicGroup (name, country, percentage) VALUES ('Kazak', 'UZB', 4.1);
INSERT INTO EthnicGroup (name, country, percentage) VALUES ('Karakalpak', 'UZB', 2.1);
INSERT INTO EthnicGroup (name, country, percentage) VALUES ('Russian', 'ARM', 2);
INSERT INTO EthnicGroup (name, country, percentage) VALUES ('Armenian', 'ARM', 93);
INSERT INTO EthnicGroup (name, country, percentage) VALUES ('Azeri', 'ARM', 3);
INSERT INTO EthnicGroup (name, country, percentage) VALUES ('Russian', 'GE', 6.3);
INSERT INTO EthnicGroup (name, country, percentage) VALUES ('Armenian', 'GE', 8.1);
INSERT INTO EthnicGroup (name, country, percentage) VALUES ('Azeri', 'GE', 5.7);
INSERT INTO EthnicGroup (name, country, percentage) VALUES ('Georgian', 'GE', 70.1);
INSERT INTO EthnicGroup (name, country, percentage) VALUES ('Ossetian', 'GE', 3);
INSERT INTO EthnicGroup (name, country, percentage) VALUES ('Abkhaz', 'GE', 1.8);
INSERT INTO EthnicGroup (name, country, percentage) VALUES ('Russian', 'AZ', 2.5);
INSERT INTO EthnicGroup (name, country, percentage) VALUES ('Armenian', 'AZ', 2.3);
INSERT INTO EthnicGroup (name, country, percentage) VALUES ('Azeri', 'AZ', 90);
INSERT INTO EthnicGroup (name, country, percentage) VALUES ('Dagestani Peoples', 'AZ', 3.2);
INSERT INTO EthnicGroup (name, country, percentage) VALUES ('Arab', 'BRN', 10);
INSERT INTO EthnicGroup (name, country, percentage) VALUES ('Asian', 'BRN', 13);
INSERT INTO EthnicGroup (name, country, percentage) VALUES ('Bahraini', 'BRN', 63);
INSERT INTO EthnicGroup (name, country, percentage) VALUES ('Iranian', 'BRN', 8);
INSERT INTO EthnicGroup (name, country, percentage) VALUES ('Bengali', 'BD', 98);
INSERT INTO EthnicGroup (name, country, percentage) VALUES ('Indian', 'MYA', 2);
INSERT INTO EthnicGroup (name, country, percentage) VALUES ('Chinese', 'MYA', 3);
INSERT INTO EthnicGroup (name, country, percentage) VALUES ('Burman', 'MYA', 68);
INSERT INTO EthnicGroup (name, country, percentage) VALUES ('Shan', 'MYA', 9);
INSERT INTO EthnicGroup (name, country, percentage) VALUES ('Karen', 'MYA', 7);
INSERT INTO EthnicGroup (name, country, percentage) VALUES ('Rakhine', 'MYA', 4);
INSERT INTO EthnicGroup (name, country, percentage) VALUES ('Mon', 'MYA', 2);
INSERT INTO EthnicGroup (name, country, percentage) VALUES ('Dravidian', 'IND', 25);
INSERT INTO EthnicGroup (name, country, percentage) VALUES ('Indo-Aryan', 'IND', 72);
INSERT INTO EthnicGroup (name, country, percentage) VALUES ('Mongol', 'IND', 3);
INSERT INTO EthnicGroup (name, country, percentage) VALUES ('Bhote', 'BHT', 50);
INSERT INTO EthnicGroup (name, country, percentage) VALUES ('Nepalese', 'BHT', 35);
INSERT INTO EthnicGroup (name, country, percentage) VALUES ('Chinese', 'BRU', 20);
INSERT INTO EthnicGroup (name, country, percentage) VALUES ('Malay', 'BRU', 64);
INSERT INTO EthnicGroup (name, country, percentage) VALUES ('Indian', 'MAL', 9);
INSERT INTO EthnicGroup (name, country, percentage) VALUES ('Chinese', 'MAL', 32);
INSERT INTO EthnicGroup (name, country, percentage) VALUES ('Malay', 'MAL', 59);
INSERT INTO EthnicGroup (name, country, percentage) VALUES ('Lao Loum', 'LAO', 68);
INSERT INTO EthnicGroup (name, country, percentage) VALUES ('Lao Theung', 'LAO', 22);
INSERT INTO EthnicGroup (name, country, percentage) VALUES ('Lao Soung Hmong Yao', 'LAO', 9);
INSERT INTO EthnicGroup (name, country, percentage) VALUES ('Vietnamese/Chinese', 'LAO', 1);
INSERT INTO EthnicGroup (name, country, percentage) VALUES ('Chinese', 'THA', 14);
INSERT INTO EthnicGroup (name, country, percentage) VALUES ('Thai', 'THA', 75);
INSERT INTO EthnicGroup (name, country, percentage) VALUES ('Chinese', 'K', 1);
INSERT INTO EthnicGroup (name, country, percentage) VALUES ('Khmer', 'K', 90);
INSERT INTO EthnicGroup (name, country, percentage) VALUES ('Vietnamese', 'K', 5);
INSERT INTO EthnicGroup (name, country, percentage) VALUES ('Chinese', 'VN', 3);
INSERT INTO EthnicGroup (name, country, percentage) VALUES ('Vietnamese', 'VN', 85);
INSERT INTO EthnicGroup (name, country, percentage) VALUES ('German', 'KAZ', 4.7);
INSERT INTO EthnicGroup (name, country, percentage) VALUES ('Ukrainian', 'KAZ', 5.2);
INSERT INTO EthnicGroup (name, country, percentage) VALUES ('Russian', 'KAZ', 37);
INSERT INTO EthnicGroup (name, country, percentage) VALUES ('Tatar', 'KAZ', 2);
INSERT INTO EthnicGroup (name, country, percentage) VALUES ('Uzbek', 'KAZ', 2.1);
INSERT INTO EthnicGroup (name, country, percentage) VALUES ('Kazak', 'KAZ', 41.9);
INSERT INTO EthnicGroup (name, country, percentage) VALUES ('German', 'KGZ', 2.4);
INSERT INTO EthnicGroup (name, country, percentage) VALUES ('Ukrainian', 'KGZ', 2.5);
INSERT INTO EthnicGroup (name, country, percentage) VALUES ('Russian', 'KGZ', 21.5);
INSERT INTO EthnicGroup (name, country, percentage) VALUES ('Uzbek', 'KGZ', 12.9);
INSERT INTO EthnicGroup (name, country, percentage) VALUES ('Kirghiz', 'KGZ', 52.4);
INSERT INTO EthnicGroup (name, country, percentage) VALUES ('Chinese', 'HONX', 95);
INSERT INTO EthnicGroup (name, country, percentage) VALUES ('Filipino', 'HONX', 1.6);
INSERT INTO EthnicGroup (name, country, percentage) VALUES ('Indonesian', 'HONX', 1.3);
INSERT INTO EthnicGroup (name, country, percentage) VALUES ('Chinese', 'MACX', 95);
INSERT INTO EthnicGroup (name, country, percentage) VALUES ('Portuguese', 'MACX', 3);
INSERT INTO EthnicGroup (name, country, percentage) VALUES ('Russian', 'MNG', 2);
INSERT INTO EthnicGroup (name, country, percentage) VALUES ('Kazak', 'MNG', 4);
INSERT INTO EthnicGroup (name, country, percentage) VALUES ('Chinese', 'MNG', 2);
INSERT INTO EthnicGroup (name, country, percentage) VALUES ('Mongol', 'MNG', 90);
INSERT INTO EthnicGroup (name, country, percentage) VALUES ('Chinese', 'XMAS', 70);
INSERT INTO EthnicGroup (name, country, percentage) VALUES ('Malay', 'XMAS', 10);
INSERT INTO EthnicGroup (name, country, percentage) VALUES ('European', 'XMAS', 20);
INSERT INTO EthnicGroup (name, country, percentage) VALUES ('Jewish', 'IL', 82);
INSERT INTO EthnicGroup (name, country, percentage) VALUES ('European', 'ET', 1);
INSERT INTO EthnicGroup (name, country, percentage) VALUES ('Eastern Hamitic', 'ET', 99);
INSERT INTO EthnicGroup (name, country, percentage) VALUES ('Javanese', 'RI', 45);
INSERT INTO EthnicGroup (name, country, percentage) VALUES ('Sundanese', 'RI', 14);
INSERT INTO EthnicGroup (name, country, percentage) VALUES ('Madurese', 'RI', 7.5);
INSERT INTO EthnicGroup (name, country, percentage) VALUES ('Malay', 'RI', 7.5);
INSERT INTO EthnicGroup (name, country, percentage) VALUES ('Kurdish', 'IRQ', 15);
INSERT INTO EthnicGroup (name, country, percentage) VALUES ('Arab', 'IRQ', 75);
INSERT INTO EthnicGroup (name, country, percentage) VALUES ('Assyrian', 'IRQ', 5);
INSERT INTO EthnicGroup (name, country, percentage) VALUES ('Armenian', 'JOR', 1);
INSERT INTO EthnicGroup (name, country, percentage) VALUES ('Arab', 'JOR', 98);
INSERT INTO EthnicGroup (name, country, percentage) VALUES ('Circassian', 'JOR', 1);
INSERT INTO EthnicGroup (name, country, percentage) VALUES ('Arab', 'KWT', 35);
INSERT INTO EthnicGroup (name, country, percentage) VALUES ('Iranian', 'KWT', 4);
INSERT INTO EthnicGroup (name, country, percentage) VALUES ('South Asian', 'KWT', 9);
INSERT INTO EthnicGroup (name, country, percentage) VALUES ('Kuwaiti', 'KWT', 45);
INSERT INTO EthnicGroup (name, country, percentage) VALUES ('Arab', 'SA', 90);
INSERT INTO EthnicGroup (name, country, percentage) VALUES ('Afro-Asian', 'SA', 10);
INSERT INTO EthnicGroup (name, country, percentage) VALUES ('Arab', 'SYR', 90.3);
INSERT INTO EthnicGroup (name, country, percentage) VALUES ('Armenian', 'RL', 4);
INSERT INTO EthnicGroup (name, country, percentage) VALUES ('Arab', 'RL', 95);
INSERT INTO EthnicGroup (name, country, percentage) VALUES ('Japanese', 'J', 99.4);
INSERT INTO EthnicGroup (name, country, percentage) VALUES ('South Asian', 'UAE', 50);
INSERT INTO EthnicGroup (name, country, percentage) VALUES ('Emiri', 'UAE', 19);
INSERT INTO EthnicGroup (name, country, percentage) VALUES ('Arab Iranian', 'UAE', 23);
INSERT INTO EthnicGroup (name, country, percentage) VALUES ('Chinese', 'RP', 1.5);
INSERT INTO EthnicGroup (name, country, percentage) VALUES ('Malay', 'RP', 95.5);
INSERT INTO EthnicGroup (name, country, percentage) VALUES ('Indian', 'Q', 18);
INSERT INTO EthnicGroup (name, country, percentage) VALUES ('Pakistani', 'Q', 18);
INSERT INTO EthnicGroup (name, country, percentage) VALUES ('Arab', 'Q', 40);
INSERT INTO EthnicGroup (name, country, percentage) VALUES ('Iranian', 'Q', 10);
INSERT INTO EthnicGroup (name, country, percentage) VALUES ('Indian', 'SGP', 6.4);
INSERT INTO EthnicGroup (name, country, percentage) VALUES ('Chinese', 'SGP', 76.4);
INSERT INTO EthnicGroup (name, country, percentage) VALUES ('Malay', 'SGP', 14.9);
INSERT INTO EthnicGroup (name, country, percentage) VALUES ('Sinhalese', 'CL', 74);
INSERT INTO EthnicGroup (name, country, percentage) VALUES ('Tamil', 'CL', 18);
INSERT INTO EthnicGroup (name, country, percentage) VALUES ('Arab', 'CL', 7);
INSERT INTO EthnicGroup (name, country, percentage) VALUES ('Vedda', 'CL', 1);
INSERT INTO EthnicGroup (name, country, percentage) VALUES ('Chinese', 'RC', 14);
INSERT INTO EthnicGroup (name, country, percentage) VALUES ('Taiwanese', 'RC', 84);
INSERT INTO EthnicGroup (name, country, percentage) VALUES ('Black', 'AXA', 90.1);
INSERT INTO EthnicGroup (name, country, percentage) VALUES ('Mulatto', 'AXA', 4.6);
INSERT INTO EthnicGroup (name, country, percentage) VALUES ('White', 'AXA', 3.7);
INSERT INTO EthnicGroup (name, country, percentage) VALUES ('European/Caribbean Indian', 'ARU', 80);
INSERT INTO EthnicGroup (name, country, percentage) VALUES ('European', 'BDS', 4);
INSERT INTO EthnicGroup (name, country, percentage) VALUES ('African', 'BDS', 80);
INSERT INTO EthnicGroup (name, country, percentage) VALUES ('Creole', 'BZ', 30);
INSERT INTO EthnicGroup (name, country, percentage) VALUES ('Garifuna', 'BZ', 7);
INSERT INTO EthnicGroup (name, country, percentage) VALUES ('Maya', 'BZ', 11);
INSERT INTO EthnicGroup (name, country, percentage) VALUES ('Mestizo - Amerindian-Spanish', 'GCA', 56);
INSERT INTO EthnicGroup (name, country, percentage) VALUES ('Amerindian Amerindian', 'GCA', 44);
INSERT INTO EthnicGroup (name, country, percentage) VALUES ('Amerindian', 'MEX', 30);
INSERT INTO EthnicGroup (name, country, percentage) VALUES ('Caucasian', 'MEX', 9);
INSERT INTO EthnicGroup (name, country, percentage) VALUES ('Black', 'BERM', 54);
INSERT INTO EthnicGroup (name, country, percentage) VALUES ('White', 'BERM', 34.1);
INSERT INTO EthnicGroup (name, country, percentage) VALUES ('Mixed', 'BERM', 6.4);
INSERT INTO EthnicGroup (name, country, percentage) VALUES ('Black', 'BVIR', 83.4);
INSERT INTO EthnicGroup (name, country, percentage) VALUES ('White', 'BVIR', 7);
INSERT INTO EthnicGroup (name, country, percentage) VALUES ('Indian', 'BVIR', 3.4);
INSERT INTO EthnicGroup (name, country, percentage) VALUES ('Mixed', 'BVIR', 5.4);
INSERT INTO EthnicGroup (name, country, percentage) VALUES ('French', 'CDN', 27);
INSERT INTO EthnicGroup (name, country, percentage) VALUES ('Asian', 'CDN', 11.5);
INSERT INTO EthnicGroup (name, country, percentage) VALUES ('European', 'CDN', 20);
INSERT INTO EthnicGroup (name, country, percentage) VALUES ('British Isles', 'CDN', 40);
INSERT INTO EthnicGroup (name, country, percentage) VALUES ('Inuit', 'CDN', 1.5);
INSERT INTO EthnicGroup (name, country, percentage) VALUES ('Asian', 'USA', 3.3);
INSERT INTO EthnicGroup (name, country, percentage) VALUES ('Native American', 'USA', 0.8);
INSERT INTO EthnicGroup (name, country, percentage) VALUES ('Black', 'CAYM', 20);
INSERT INTO EthnicGroup (name, country, percentage) VALUES ('White', 'CAYM', 20);
INSERT INTO EthnicGroup (name, country, percentage) VALUES ('Mixed', 'CAYM', 40);
INSERT INTO EthnicGroup (name, country, percentage) VALUES ('Indian', 'CR', 1);
INSERT INTO EthnicGroup (name, country, percentage) VALUES ('Chinese', 'CR', 1);
INSERT INTO EthnicGroup (name, country, percentage) VALUES ('Indian', 'NIC', 5);
INSERT INTO EthnicGroup (name, country, percentage) VALUES ('West Indian', 'PA', 14);
INSERT INTO EthnicGroup (name, country, percentage) VALUES ('Indian', 'PA', 6);
INSERT INTO EthnicGroup (name, country, percentage) VALUES ('Chinese', 'C', 1);
INSERT INTO EthnicGroup (name, country, percentage) VALUES ('Carib Indians', 'WD', 100);
INSERT INTO EthnicGroup (name, country, percentage) VALUES ('European', 'RH', 5);
INSERT INTO EthnicGroup (name, country, percentage) VALUES ('Indian', 'ES', 5);
INSERT INTO EthnicGroup (name, country, percentage) VALUES ('Indian', 'HCA', 7);
INSERT INTO EthnicGroup (name, country, percentage) VALUES ('Danish', 'GROX', 14);
INSERT INTO EthnicGroup (name, country, percentage) VALUES ('Greenlander', 'GROX', 86);
INSERT INTO EthnicGroup (name, country, percentage) VALUES ('African', 'WG', 100);
INSERT INTO EthnicGroup (name, country, percentage) VALUES ('Chinese', 'GUAD', 5);
INSERT INTO EthnicGroup (name, country, percentage) VALUES ('African', 'JA', 76.3);
INSERT INTO EthnicGroup (name, country, percentage) VALUES ('Afro-European', 'JA', 15.1);
INSERT INTO EthnicGroup (name, country, percentage) VALUES ('Afro-East Indian', 'JA', 3);
INSERT INTO EthnicGroup (name, country, percentage) VALUES ('Afro-Chinese', 'JA', 1.2);
INSERT INTO EthnicGroup (name, country, percentage) VALUES ('Chinese', 'MART', 5);
INSERT INTO EthnicGroup (name, country, percentage) VALUES ('African-white-Indian', 'MART', 90);
INSERT INTO EthnicGroup (name, country, percentage) VALUES ('Mixed Black', 'NA', 85);
INSERT INTO EthnicGroup (name, country, percentage) VALUES ('Indian', 'CO', 1);
INSERT INTO EthnicGroup (name, country, percentage) VALUES ('black-Indian', 'CO', 3);
INSERT INTO EthnicGroup (name, country, percentage) VALUES ('White', 'PR', 80.2);
INSERT INTO EthnicGroup (name, country, percentage) VALUES ('Black', 'PR', 8);
INSERT INTO EthnicGroup (name, country, percentage) VALUES ('Amerindian', 'PR', 0.4);
INSERT INTO EthnicGroup (name, country, percentage) VALUES ('Asian', 'PR', 0.4);
INSERT INTO EthnicGroup (name, country, percentage) VALUES ('African', 'KN', 100);
INSERT INTO EthnicGroup (name, country, percentage) VALUES ('African', 'WL', 90.3);
INSERT INTO EthnicGroup (name, country, percentage) VALUES ('East Indian', 'WL', 3.2);
INSERT INTO EthnicGroup (name, country, percentage) VALUES ('Basques Bretons', 'SPMI', 100);
INSERT INTO EthnicGroup (name, country, percentage) VALUES ('Chinese', 'TT', 1);
INSERT INTO EthnicGroup (name, country, percentage) VALUES ('East Indian', 'TT', 40);
INSERT INTO EthnicGroup (name, country, percentage) VALUES ('African', 'TUCA', 90);
INSERT INTO EthnicGroup (name, country, percentage) VALUES ('Caucasian', 'AMSA', 2);
INSERT INTO EthnicGroup (name, country, percentage) VALUES ('Tongan', 'AMSA', 4);
INSERT INTO EthnicGroup (name, country, percentage) VALUES ('Samoan', 'AMSA', 89);
INSERT INTO EthnicGroup (name, country, percentage) VALUES ('Asian', 'AUS', 4);
INSERT INTO EthnicGroup (name, country, percentage) VALUES ('Caucasian', 'AUS', 95);
INSERT INTO EthnicGroup (name, country, percentage) VALUES ('Polynesian', 'COOK', 93.5);
INSERT INTO EthnicGroup (name, country, percentage) VALUES ('Indian', 'FJI', 46);
INSERT INTO EthnicGroup (name, country, percentage) VALUES ('Fijian', 'FJI', 49);
INSERT INTO EthnicGroup (name, country, percentage) VALUES ('French', 'FPOL', 10);
INSERT INTO EthnicGroup (name, country, percentage) VALUES ('Chinese', 'FPOL', 12);
INSERT INTO EthnicGroup (name, country, percentage) VALUES ('Polynesian', 'FPOL', 78);
INSERT INTO EthnicGroup (name, country, percentage) VALUES ('Chamorro', 'GUAM', 37.1);
INSERT INTO EthnicGroup (name, country, percentage) VALUES ('Filipino', 'GUAM', 26.3);
INSERT INTO EthnicGroup (name, country, percentage) VALUES ('Micronesian', 'KIR', 100);
INSERT INTO EthnicGroup (name, country, percentage) VALUES ('Micronesian', 'MH', 100);
INSERT INTO EthnicGroup (name, country, percentage) VALUES ('Polynesian', 'FSM', 100);
INSERT INTO EthnicGroup (name, country, percentage) VALUES ('Chinese', 'NAU', 8);
INSERT INTO EthnicGroup (name, country, percentage) VALUES ('European', 'NAU', 8);
INSERT INTO EthnicGroup (name, country, percentage) VALUES ('Nauruan', 'NAU', 58);
INSERT INTO EthnicGroup (name, country, percentage) VALUES ('Pacific Islander', 'NAU', 26);
INSERT INTO EthnicGroup (name, country, percentage) VALUES ('Vietnamese', 'NCA', 1.4);
INSERT INTO EthnicGroup (name, country, percentage) VALUES ('European', 'NCA', 34.1);
INSERT INTO EthnicGroup (name, country, percentage) VALUES ('Melanesian', 'NCA', 44.1);
INSERT INTO EthnicGroup (name, country, percentage) VALUES ('Wallisian', 'NCA', 9);
INSERT INTO EthnicGroup (name, country, percentage) VALUES ('Indonesian', 'NCA', 2.5);
INSERT INTO EthnicGroup (name, country, percentage) VALUES ('European', 'NZ', 88);
INSERT INTO EthnicGroup (name, country, percentage) VALUES ('Pacific Islander', 'NZ', 2.9);
INSERT INTO EthnicGroup (name, country, percentage) VALUES ('Maori', 'NZ', 8.9);
INSERT INTO EthnicGroup (name, country, percentage) VALUES ('Polynesian', 'NIUE', 100);
INSERT INTO EthnicGroup (name, country, percentage) VALUES ('Asian', 'NMIS', 56.3);
INSERT INTO EthnicGroup (name, country, percentage) VALUES ('Pacific Islander', 'NMIS', 36.3);
INSERT INTO EthnicGroup (name, country, percentage) VALUES ('Caucasian', 'NMIS', 1.8);
INSERT INTO EthnicGroup (name, country, percentage) VALUES ('Bounty', 'PITC', 100);
INSERT INTO EthnicGroup (name, country, percentage) VALUES ('Chinese', 'SLB', 0.3);
INSERT INTO EthnicGroup (name, country, percentage) VALUES ('European', 'SLB', 0.8);
INSERT INTO EthnicGroup (name, country, percentage) VALUES ('Polynesian', 'SLB', 4);
INSERT INTO EthnicGroup (name, country, percentage) VALUES ('Micronesian', 'SLB', 1.5);
INSERT INTO EthnicGroup (name, country, percentage) VALUES ('Melanesian', 'SLB', 93);
INSERT INTO EthnicGroup (name, country, percentage) VALUES ('Polynesian', 'TUV', 96);
INSERT INTO EthnicGroup (name, country, percentage) VALUES ('French', 'VU', 4);
INSERT INTO EthnicGroup (name, country, percentage) VALUES ('Melanesian', 'VU', 94);
INSERT INTO EthnicGroup (name, country, percentage) VALUES ('Polynesian', 'WAFU', 100);
INSERT INTO EthnicGroup (name, country, percentage) VALUES ('Europeans', 'WS', 0.4);
INSERT INTO EthnicGroup (name, country, percentage) VALUES ('Samoan', 'WS', 92.6);
INSERT INTO EthnicGroup (name, country, percentage) VALUES ('Euronesians', 'WS', 7);
INSERT INTO EthnicGroup (name, country, percentage) VALUES ('Indian', 'RA', 100);
INSERT INTO EthnicGroup (name, country, percentage) VALUES ('European', 'BOL', 5);
INSERT INTO EthnicGroup (name, country, percentage) VALUES ('Quechua', 'BOL', 30);
INSERT INTO EthnicGroup (name, country, percentage) VALUES ('Aymara', 'BOL', 25);
INSERT INTO EthnicGroup (name, country, percentage) VALUES ('African', 'BR', 44);
INSERT INTO EthnicGroup (name, country, percentage) VALUES ('Indian', 'RCH', 3);
INSERT INTO EthnicGroup (name, country, percentage) VALUES ('European European-Indian', 'RCH', 95);
INSERT INTO EthnicGroup (name, country, percentage) VALUES ('Amerindians', 'PY', 5);
INSERT INTO EthnicGroup (name, country, percentage) VALUES ('Indian', 'PE', 45);
INSERT INTO EthnicGroup (name, country, percentage) VALUES ('Amerindian', 'FGU', 12);
INSERT INTO EthnicGroup (name, country, percentage) VALUES ('East Indian', 'GUY', 51);
INSERT INTO EthnicGroup (name, country, percentage) VALUES ('Amerindian', 'GUY', 4);
INSERT INTO EthnicGroup (name, country, percentage) VALUES ('European Chinese', 'GUY', 2);
INSERT INTO EthnicGroup (name, country, percentage) VALUES ('Chinese', 'SME', 1.7);
INSERT INTO EthnicGroup (name, country, percentage) VALUES ('Javanese', 'SME', 15.3);
INSERT INTO EthnicGroup (name, country, percentage) VALUES ('Creole', 'SME', 31);
INSERT INTO EthnicGroup (name, country, percentage) VALUES ('Europeans', 'SME', 1);
INSERT INTO EthnicGroup (name, country, percentage) VALUES ('Amerindian', 'SME', 2.6);
INSERT INTO EthnicGroup (name, country, percentage) VALUES ('Hindustani', 'SME', 37);
INSERT INTO EthnicGroup (name, country, percentage) VALUES ('Amerindian', 'YV', 2);
INSERT INTO EthnicGroup (name, country, percentage) VALUES ('Spanish', 'EC', 10);
INSERT INTO EthnicGroup (name, country, percentage) VALUES ('Indian', 'EC', 25);
INSERT INTO EthnicGroup (name, country, percentage) VALUES ('Christian', 'FALK', 67.2);
INSERT INTO EthnicGroup (name, country, percentage) VALUES ('None', 'FALK', 31.5);
INSERT INTO EthnicGroup (name, country, percentage) VALUES ('European', 'DZ', 1);
INSERT INTO EthnicGroup (name, country, percentage) VALUES ('Arab-Berber', 'DZ', 99);
INSERT INTO EthnicGroup (name, country, percentage) VALUES ('Berber Arab', 'LAR', 97);
INSERT INTO EthnicGroup (name, country, percentage) VALUES ('Mande', 'RMM', 50);
INSERT INTO EthnicGroup (name, country, percentage) VALUES ('Peuhl', 'RMM', 17);
INSERT INTO EthnicGroup (name, country, percentage) VALUES ('Voltaic', 'RMM', 12);
INSERT INTO EthnicGroup (name, country, percentage) VALUES ('Songhai', 'RMM', 6);
INSERT INTO EthnicGroup (name, country, percentage) VALUES ('Tuareg', 'RMM', 10);
INSERT INTO EthnicGroup (name, country, percentage) VALUES ('Maur', 'RIM', 30);
INSERT INTO EthnicGroup (name, country, percentage) VALUES ('Black Maur', 'RIM', 40);
INSERT INTO EthnicGroup (name, country, percentage) VALUES ('Jewish', 'MA', 0.2);
INSERT INTO EthnicGroup (name, country, percentage) VALUES ('Arab-Berber', 'MA', 99.1);
INSERT INTO EthnicGroup (name, country, percentage) VALUES ('Fula', 'RN', 8.5);
INSERT INTO EthnicGroup (name, country, percentage) VALUES ('Hausa', 'RN', 56);
INSERT INTO EthnicGroup (name, country, percentage) VALUES ('Djerma', 'RN', 22);
INSERT INTO EthnicGroup (name, country, percentage) VALUES ('Tuareg', 'RN', 8);
INSERT INTO EthnicGroup (name, country, percentage) VALUES ('Beri Beri', 'RN', 4.3);
INSERT INTO EthnicGroup (name, country, percentage) VALUES ('Gourmantche', 'RN', 1.2);
INSERT INTO EthnicGroup (name, country, percentage) VALUES ('Jewish', 'TN', 1);
INSERT INTO EthnicGroup (name, country, percentage) VALUES ('European', 'TN', 1);
INSERT INTO EthnicGroup (name, country, percentage) VALUES ('Arab-Berber', 'TN', 98);
INSERT INTO EthnicGroup (name, country, percentage) VALUES ('European', 'ANG', 1);
INSERT INTO EthnicGroup (name, country, percentage) VALUES ('Ovimbundu', 'ANG', 37);
INSERT INTO EthnicGroup (name, country, percentage) VALUES ('Kimbundu', 'ANG', 25);
INSERT INTO EthnicGroup (name, country, percentage) VALUES ('Bakongo', 'ANG', 13);
INSERT INTO EthnicGroup (name, country, percentage) VALUES ('Mangbetu-Azande', 'ZRE', 45);
INSERT INTO EthnicGroup (name, country, percentage) VALUES ('European', 'Z', 1.1);
INSERT INTO EthnicGroup (name, country, percentage) VALUES ('African', 'Z', 98.7);
INSERT INTO EthnicGroup (name, country, percentage) VALUES ('African', 'BEN', 99);
INSERT INTO EthnicGroup (name, country, percentage) VALUES ('Mossi', 'BF', 24);
INSERT INTO EthnicGroup (name, country, percentage) VALUES ('African', 'WAN', 99);
INSERT INTO EthnicGroup (name, country, percentage) VALUES ('African', 'RT', 99);
INSERT INTO EthnicGroup (name, country, percentage) VALUES ('European Syrian-Lebanese', 'RT', 1);
INSERT INTO EthnicGroup (name, country, percentage) VALUES ('Batswana', 'RB', 95);
INSERT INTO EthnicGroup (name, country, percentage) VALUES ('Kgalagadi', 'RB', 4);
INSERT INTO EthnicGroup (name, country, percentage) VALUES ('Indian', 'RSA', 2.6);
INSERT INTO EthnicGroup (name, country, percentage) VALUES ('Colored', 'RSA', 8.6);
INSERT INTO EthnicGroup (name, country, percentage) VALUES ('Asian', 'ZW', 1);
INSERT INTO EthnicGroup (name, country, percentage) VALUES ('African', 'ZW', 98);
INSERT INTO EthnicGroup (name, country, percentage) VALUES ('Malinke', 'CI', 11);
INSERT INTO EthnicGroup (name, country, percentage) VALUES ('Baoule', 'CI', 23);
INSERT INTO EthnicGroup (name, country, percentage) VALUES ('Bete', 'CI', 18);
INSERT INTO EthnicGroup (name, country, percentage) VALUES ('Senoufou', 'CI', 15);
INSERT INTO EthnicGroup (name, country, percentage) VALUES ('European', 'GH', 0.2);
INSERT INTO EthnicGroup (name, country, percentage) VALUES ('African', 'GH', 99.8);
INSERT INTO EthnicGroup (name, country, percentage) VALUES ('Hutu', 'RWA', 80);
INSERT INTO EthnicGroup (name, country, percentage) VALUES ('Tutsi', 'RWA', 19);
INSERT INTO EthnicGroup (name, country, percentage) VALUES ('Twa', 'RWA', 1);
INSERT INTO EthnicGroup (name, country, percentage) VALUES ('African', 'CAM', 13);
INSERT INTO EthnicGroup (name, country, percentage) VALUES ('Fulani', 'CAM', 10);
INSERT INTO EthnicGroup (name, country, percentage) VALUES ('Cameroon Highlanders', 'CAM', 31);
INSERT INTO EthnicGroup (name, country, percentage) VALUES ('Equatorial Bantu', 'CAM', 19);
INSERT INTO EthnicGroup (name, country, percentage) VALUES ('Kirdi', 'CAM', 11);
INSERT INTO EthnicGroup (name, country, percentage) VALUES ('Northwestern Bantu', 'CAM', 8);
INSERT INTO EthnicGroup (name, country, percentage) VALUES ('Eastern Nigritic', 'CAM', 7);
INSERT INTO EthnicGroup (name, country, percentage) VALUES ('Baya', 'RCA', 34);
INSERT INTO EthnicGroup (name, country, percentage) VALUES ('Banda', 'RCA', 27);
INSERT INTO EthnicGroup (name, country, percentage) VALUES ('Sara', 'RCA', 10);
INSERT INTO EthnicGroup (name, country, percentage) VALUES ('Mandjia', 'RCA', 21);
INSERT INTO EthnicGroup (name, country, percentage) VALUES ('Mboum', 'RCA', 4);
INSERT INTO EthnicGroup (name, country, percentage) VALUES ('MBaka', 'RCA', 4);
INSERT INTO EthnicGroup (name, country, percentage) VALUES ('European', 'CV', 1);
INSERT INTO EthnicGroup (name, country, percentage) VALUES ('African', 'CV', 28);
INSERT INTO EthnicGroup (name, country, percentage) VALUES ('Creole', 'CV', 71);
INSERT INTO EthnicGroup (name, country, percentage) VALUES ('Arab', 'SUD', 39);
INSERT INTO EthnicGroup (name, country, percentage) VALUES ('Beja', 'SUD', 6);
INSERT INTO EthnicGroup (name, country, percentage) VALUES ('Malinke', 'RG', 30);
INSERT INTO EthnicGroup (name, country, percentage) VALUES ('Peuhl', 'RG', 40);
INSERT INTO EthnicGroup (name, country, percentage) VALUES ('Soussou', 'RG', 20);
INSERT INTO EthnicGroup (name, country, percentage) VALUES ('African', 'LB', 95);
INSERT INTO EthnicGroup (name, country, percentage) VALUES ('Americo-Liberians', 'LB', 5);
INSERT INTO EthnicGroup (name, country, percentage) VALUES ('Italian', 'DJI', 5);
INSERT INTO EthnicGroup (name, country, percentage) VALUES ('Afar', 'DJI', 35);
INSERT INTO EthnicGroup (name, country, percentage) VALUES ('Somali', 'DJI', 60);
INSERT INTO EthnicGroup (name, country, percentage) VALUES ('Afar', 'ER', 4);
INSERT INTO EthnicGroup (name, country, percentage) VALUES ('Tigrinya', 'ER', 50);
INSERT INTO EthnicGroup (name, country, percentage) VALUES ('Tigre Kunama', 'ER', 40);
INSERT INTO EthnicGroup (name, country, percentage) VALUES ('Saho', 'ER', 3);
INSERT INTO EthnicGroup (name, country, percentage) VALUES ('Afar', 'ETH', 4);
INSERT INTO EthnicGroup (name, country, percentage) VALUES ('Somali', 'ETH', 6);
INSERT INTO EthnicGroup (name, country, percentage) VALUES ('Oromo', 'ETH', 40);
INSERT INTO EthnicGroup (name, country, percentage) VALUES ('Sidamo', 'ETH', 9);
INSERT INTO EthnicGroup (name, country, percentage) VALUES ('Shankella', 'ETH', 6);
INSERT INTO EthnicGroup (name, country, percentage) VALUES ('Gurage', 'ETH', 2);
INSERT INTO EthnicGroup (name, country, percentage) VALUES ('Amhara Tigrean', 'ETH', 32);
INSERT INTO EthnicGroup (name, country, percentage) VALUES ('Somali', 'SP', 85);
INSERT INTO EthnicGroup (name, country, percentage) VALUES ('Arab', 'EAK', 1);
INSERT INTO EthnicGroup (name, country, percentage) VALUES ('Kikuyu', 'EAK', 22);
INSERT INTO EthnicGroup (name, country, percentage) VALUES ('Luhya', 'EAK', 14);
INSERT INTO EthnicGroup (name, country, percentage) VALUES ('Luo', 'EAK', 13);
INSERT INTO EthnicGroup (name, country, percentage) VALUES ('Kalenjin', 'EAK', 12);
INSERT INTO EthnicGroup (name, country, percentage) VALUES ('Kamba', 'EAK', 11);
INSERT INTO EthnicGroup (name, country, percentage) VALUES ('Kisii', 'EAK', 6);
INSERT INTO EthnicGroup (name, country, percentage) VALUES ('Meru', 'EAK', 6);
INSERT INTO EthnicGroup (name, country, percentage) VALUES ('African', 'WAG', 99);
INSERT INTO EthnicGroup (name, country, percentage) VALUES ('Fulani', 'SN', 17);
INSERT INTO EthnicGroup (name, country, percentage) VALUES ('Wolof', 'SN', 36);
INSERT INTO EthnicGroup (name, country, percentage) VALUES ('Diola', 'SN', 9);
INSERT INTO EthnicGroup (name, country, percentage) VALUES ('Mandingo', 'SN', 9);
INSERT INTO EthnicGroup (name, country, percentage) VALUES ('Serer', 'SN', 17);
INSERT INTO EthnicGroup (name, country, percentage) VALUES ('Toucouleur', 'SN', 9);
INSERT INTO EthnicGroup (name, country, percentage) VALUES ('European Lebanese', 'SN', 1);
INSERT INTO EthnicGroup (name, country, percentage) VALUES ('European', 'GNB', 1);
INSERT INTO EthnicGroup (name, country, percentage) VALUES ('African', 'GNB', 99);
INSERT INTO EthnicGroup (name, country, percentage) VALUES ('Asian', 'WAL', 1);
INSERT INTO EthnicGroup (name, country, percentage) VALUES ('African', 'WAL', 99);
INSERT INTO EthnicGroup (name, country, percentage) VALUES ('Rwanda', 'EAU', 6);
INSERT INTO EthnicGroup (name, country, percentage) VALUES ('Arab', 'EAU', 1);
INSERT INTO EthnicGroup (name, country, percentage) VALUES ('Baganda', 'EAU', 17);
INSERT INTO EthnicGroup (name, country, percentage) VALUES ('Karamojong', 'EAU', 12);
INSERT INTO EthnicGroup (name, country, percentage) VALUES ('Basogo', 'EAU', 8);
INSERT INTO EthnicGroup (name, country, percentage) VALUES ('Iteso', 'EAU', 8);
INSERT INTO EthnicGroup (name, country, percentage) VALUES ('Langi', 'EAU', 6);
INSERT INTO EthnicGroup (name, country, percentage) VALUES ('Bagisu', 'EAU', 5);
INSERT INTO EthnicGroup (name, country, percentage) VALUES ('Acholi', 'EAU', 4);
INSERT INTO EthnicGroup (name, country, percentage) VALUES ('Lugbara', 'EAU', 4);
INSERT INTO EthnicGroup (name, country, percentage) VALUES ('Bunyoro', 'EAU', 3);
INSERT INTO EthnicGroup (name, country, percentage) VALUES ('Batobo', 'EAU', 3);
INSERT INTO EthnicGroup (name, country, percentage) VALUES ('Sotho', 'LS', 99.7);
INSERT INTO EthnicGroup (name, country, percentage) VALUES ('European', 'MOC', 0.06);
INSERT INTO EthnicGroup (name, country, percentage) VALUES ('Indian', 'MOC', 0.08);
INSERT INTO EthnicGroup (name, country, percentage) VALUES ('Euro-African', 'MOC', 0.2);
INSERT INTO EthnicGroup (name, country, percentage) VALUES ('Creole', 'MS', 27);
INSERT INTO EthnicGroup (name, country, percentage) VALUES ('Indo-Mauritian', 'MS', 68);
INSERT INTO EthnicGroup (name, country, percentage) VALUES ('Sino-Mauritian', 'MS', 3);
INSERT INTO EthnicGroup (name, country, percentage) VALUES ('Franco-Mauritian', 'MS', 2);
INSERT INTO EthnicGroup (name, country, percentage) VALUES ('European', 'SD', 3);
INSERT INTO EthnicGroup (name, country, percentage) VALUES ('African', 'SD', 97);
INSERT INTO EthnicGroup (name, country, percentage) VALUES ('African descent', 'HELX', 50);
INSERT INTO EthnicGroup (name, country, percentage) VALUES ('White', 'HELX', 25);
INSERT INTO EthnicGroup (name, country, percentage) VALUES ('Chinese', 'HELX', 25);
INSERT INTO EthnicGroup (name, country, percentage) VALUES ('Europeans', 'STP', 100);
INSERT INTO EthnicGroup (name, country, percentage) VALUES ('Seychellois', 'SY', 100);

-- INSERT : Independence
INSERT INTO Independence (country, independence) VALUES ('AL', '1912-11-28');
INSERT INTO Independence (country, independence) VALUES ('GR', '1829-01-01');
INSERT INTO Independence (country, independence) VALUES ('MK', '1991-09-17');
INSERT INTO Independence (country, independence) VALUES ('SRB', '2006-06-05');
INSERT INTO Independence (country, independence) VALUES ('MNE', '2006-06-03');
INSERT INTO Independence (country, independence) VALUES ('KOS', '2008-02-17');
INSERT INTO Independence (country, independence) VALUES ('E', '1492-01-01');
INSERT INTO Independence (country, independence) VALUES ('A', '1918-11-12');
INSERT INTO Independence (country, independence) VALUES ('CZ', '1993-01-01');
INSERT INTO Independence (country, independence) VALUES ('D', '1871-01-18');
INSERT INTO Independence (country, independence) VALUES ('H', '1001-01-01');
INSERT INTO Independence (country, independence) VALUES ('I', '1861-03-17');
INSERT INTO Independence (country, independence) VALUES ('FL', '1719-01-23');
INSERT INTO Independence (country, independence) VALUES ('SK', '1993-01-01');
INSERT INTO Independence (country, independence) VALUES ('SLO', '1991-06-25');
INSERT INTO Independence (country, independence) VALUES ('BY', '1991-08-25');
INSERT INTO Independence (country, independence) VALUES ('LV', '1991-09-06');
INSERT INTO Independence (country, independence) VALUES ('LT', '1991-09-06');
INSERT INTO Independence (country, independence) VALUES ('PL', '1918-11-11');
INSERT INTO Independence (country, independence) VALUES ('UA', '1991-12-01');
INSERT INTO Independence (country, independence) VALUES ('R', '1991-08-24');
INSERT INTO Independence (country, independence) VALUES ('B', '1830-10-04');
INSERT INTO Independence (country, independence) VALUES ('NL', '1579-01-01');
INSERT INTO Independence (country, independence) VALUES ('BIH', '1992-04-01');
INSERT INTO Independence (country, independence) VALUES ('HR', '1991-06-25');
INSERT INTO Independence (country, independence) VALUES ('BG', '1908-09-22');
INSERT INTO Independence (country, independence) VALUES ('RO', '1881-01-01');
INSERT INTO Independence (country, independence) VALUES ('TR', '1923-10-29');
INSERT INTO Independence (country, independence) VALUES ('EW', '1991-09-06');
INSERT INTO Independence (country, independence) VALUES ('SF', '1917-12-06');
INSERT INTO Independence (country, independence) VALUES ('N', '1905-10-26');
INSERT INTO Independence (country, independence) VALUES ('MC', '1419-01-01');
INSERT INTO Independence (country, independence) VALUES ('V', '1929-02-11');
INSERT INTO Independence (country, independence) VALUES ('IS', '1944-06-17');
INSERT INTO Independence (country, independence) VALUES ('IRL', '1921-12-06');
INSERT INTO Independence (country, independence) VALUES ('RSM', '0301-01-01');
INSERT INTO Independence (country, independence) VALUES ('M', '1964-09-21');
INSERT INTO Independence (country, independence) VALUES ('MD', '1991-08-27');
INSERT INTO Independence (country, independence) VALUES ('P', '1140-01-01');
INSERT INTO Independence (country, independence) VALUES ('GB', '1801-01-01');
INSERT INTO Independence (country, independence) VALUES ('AFG', '1919-08-19');
INSERT INTO Independence (country, independence) VALUES ('IR', '1979-04-01');
INSERT INTO Independence (country, independence) VALUES ('PK', '1947-08-14');
INSERT INTO Independence (country, independence) VALUES ('TAD', '1991-09-09');
INSERT INTO Independence (country, independence) VALUES ('TM', '1991-10-27');
INSERT INTO Independence (country, independence) VALUES ('UZB', '1991-08-31');
INSERT INTO Independence (country, independence) VALUES ('ARM', '1918-05-28');
INSERT INTO Independence (country, independence) VALUES ('GE', '1991-04-09');
INSERT INTO Independence (country, independence) VALUES ('AZ', '1991-08-30');
INSERT INTO Independence (country, independence) VALUES ('BRN', '1971-08-15');
INSERT INTO Independence (country, independence) VALUES ('BD', '1971-12-16');
INSERT INTO Independence (country, independence) VALUES ('MYA', '1948-01-04');
INSERT INTO Independence (country, independence) VALUES ('IND', '1947-08-15');
INSERT INTO Independence (country, independence) VALUES ('BHT', '1949-08-08');
INSERT INTO Independence (country, independence) VALUES ('BRU', '1984-01-01');
INSERT INTO Independence (country, independence) VALUES ('MAL', '1957-08-31');
INSERT INTO Independence (country, independence) VALUES ('LAO', '1949-07-19');
INSERT INTO Independence (country, independence) VALUES ('THA', '1238-01-01');
INSERT INTO Independence (country, independence) VALUES ('K', '1949-11-09');
INSERT INTO Independence (country, independence) VALUES ('VN', '1945-09-02');
INSERT INTO Independence (country, independence) VALUES ('KAZ', '1991-12-16');
INSERT INTO Independence (country, independence) VALUES ('KGZ', '1991-08-31');
INSERT INTO Independence (country, independence) VALUES ('MNG', '1921-03-13');
INSERT INTO Independence (country, independence) VALUES ('NEP', '1768-01-01');
INSERT INTO Independence (country, independence) VALUES ('CY', '1960-08-16');
INSERT INTO Independence (country, independence) VALUES ('IL', '1948-05-14');
INSERT INTO Independence (country, independence) VALUES ('ET', '1922-02-28');
INSERT INTO Independence (country, independence) VALUES ('RI', '1945-08-17');
INSERT INTO Independence (country, independence) VALUES ('TL', '2002-05-20');
INSERT INTO Independence (country, independence) VALUES ('PNG', '1975-09-16');
INSERT INTO Independence (country, independence) VALUES ('IRQ', '1932-10-03');
INSERT INTO Independence (country, independence) VALUES ('JOR', '1946-05-25');
INSERT INTO Independence (country, independence) VALUES ('KWT', '1961-06-19');
INSERT INTO Independence (country, independence) VALUES ('SA', '1932-09-23');
INSERT INTO Independence (country, independence) VALUES ('SYR', '1946-04-17');
INSERT INTO Independence (country, independence) VALUES ('RL', '1943-11-22');
INSERT INTO Independence (country, independence) VALUES ('MV', '1965-07-26');
INSERT INTO Independence (country, independence) VALUES ('OM', '1650-01-01');
INSERT INTO Independence (country, independence) VALUES ('UAE', '1971-12-02');
INSERT INTO Independence (country, independence) VALUES ('YE', '1990-05-22');
INSERT INTO Independence (country, independence) VALUES ('RP', '1946-07-04');
INSERT INTO Independence (country, independence) VALUES ('Q', '1971-09-03');
INSERT INTO Independence (country, independence) VALUES ('SGP', '1965-08-09');
INSERT INTO Independence (country, independence) VALUES ('CL', '1948-02-04');
INSERT INTO Independence (country, independence) VALUES ('AG', '1981-11-01');
INSERT INTO Independence (country, independence) VALUES ('BS', '1973-07-10');
INSERT INTO Independence (country, independence) VALUES ('BDS', '1966-11-30');
INSERT INTO Independence (country, independence) VALUES ('BZ', '1981-09-21');
INSERT INTO Independence (country, independence) VALUES ('GCA', '1821-09-15');
INSERT INTO Independence (country, independence) VALUES ('MEX', '1810-09-16');
INSERT INTO Independence (country, independence) VALUES ('CDN', '1867-07-01');
INSERT INTO Independence (country, independence) VALUES ('USA', '1776-07-04');
INSERT INTO Independence (country, independence) VALUES ('CR', '1821-09-15');
INSERT INTO Independence (country, independence) VALUES ('NIC', '1821-09-15');
INSERT INTO Independence (country, independence) VALUES ('PA', '1903-11-03');
INSERT INTO Independence (country, independence) VALUES ('C', '1902-05-20');
INSERT INTO Independence (country, independence) VALUES ('WD', '1978-11-03');
INSERT INTO Independence (country, independence) VALUES ('DOM', '1844-02-27');
INSERT INTO Independence (country, independence) VALUES ('RH', '1804-01-01');
INSERT INTO Independence (country, independence) VALUES ('ES', '1821-09-15');
INSERT INTO Independence (country, independence) VALUES ('HCA', '1821-09-15');
INSERT INTO Independence (country, independence) VALUES ('WG', '1974-02-07');
INSERT INTO Independence (country, independence) VALUES ('JA', '1962-08-06');
INSERT INTO Independence (country, independence) VALUES ('CO', '1810-07-20');
INSERT INTO Independence (country, independence) VALUES ('KN', '1983-09-19');
INSERT INTO Independence (country, independence) VALUES ('WL', '1979-02-22');
INSERT INTO Independence (country, independence) VALUES ('WV', '1979-10-27');
INSERT INTO Independence (country, independence) VALUES ('TT', '1962-08-31');
INSERT INTO Independence (country, independence) VALUES ('AUS', '1901-01-01');
INSERT INTO Independence (country, independence) VALUES ('FJI', '1970-10-10');
INSERT INTO Independence (country, independence) VALUES ('KIR', '1979-07-12');
INSERT INTO Independence (country, independence) VALUES ('MH', '1986-10-21');
INSERT INTO Independence (country, independence) VALUES ('FSM', '1986-11-03');
INSERT INTO Independence (country, independence) VALUES ('NAU', '1968-01-31');
INSERT INTO Independence (country, independence) VALUES ('NZ', '1907-09-26');
INSERT INTO Independence (country, independence) VALUES ('NIUE', '1974-10-19');
INSERT INTO Independence (country, independence) VALUES ('PAL', '1994-10-01');
INSERT INTO Independence (country, independence) VALUES ('SLB', '1978-07-07');
INSERT INTO Independence (country, independence) VALUES ('TO', '1970-06-04');
INSERT INTO Independence (country, independence) VALUES ('TUV', '1978-10-01');
INSERT INTO Independence (country, independence) VALUES ('VU', '1980-07-30');
INSERT INTO Independence (country, independence) VALUES ('WS', '1962-01-01');
INSERT INTO Independence (country, independence) VALUES ('RA', '1816-07-09');
INSERT INTO Independence (country, independence) VALUES ('BOL', '1825-08-06');
INSERT INTO Independence (country, independence) VALUES ('BR', '1822-09-07');
INSERT INTO Independence (country, independence) VALUES ('RCH', '1810-09-18');
INSERT INTO Independence (country, independence) VALUES ('PY', '1811-05-14');
INSERT INTO Independence (country, independence) VALUES ('ROU', '1828-08-25');
INSERT INTO Independence (country, independence) VALUES ('PE', '1821-07-28');
INSERT INTO Independence (country, independence) VALUES ('GUY', '1966-05-26');
INSERT INTO Independence (country, independence) VALUES ('SME', '1975-11-25');
INSERT INTO Independence (country, independence) VALUES ('YV', '1811-07-05');
INSERT INTO Independence (country, independence) VALUES ('EC', '1822-05-24');
INSERT INTO Independence (country, independence) VALUES ('DZ', '1962-07-05');
INSERT INTO Independence (country, independence) VALUES ('LAR', '1951-12-24');
INSERT INTO Independence (country, independence) VALUES ('RMM', '1960-09-22');
INSERT INTO Independence (country, independence) VALUES ('RIM', '1960-11-28');
INSERT INTO Independence (country, independence) VALUES ('MA', '1956-03-02');
INSERT INTO Independence (country, independence) VALUES ('RN', '1960-08-03');
INSERT INTO Independence (country, independence) VALUES ('TN', '1956-03-20');
INSERT INTO Independence (country, independence) VALUES ('ANG', '1975-11-11');
INSERT INTO Independence (country, independence) VALUES ('RCB', '1960-08-15');
INSERT INTO Independence (country, independence) VALUES ('NAM', '1990-03-21');
INSERT INTO Independence (country, independence) VALUES ('ZRE', '1960-06-30');
INSERT INTO Independence (country, independence) VALUES ('Z', '1964-10-24');
INSERT INTO Independence (country, independence) VALUES ('BEN', '1960-08-01');
INSERT INTO Independence (country, independence) VALUES ('BF', '1960-08-05');
INSERT INTO Independence (country, independence) VALUES ('WAN', '1960-10-01');
INSERT INTO Independence (country, independence) VALUES ('RT', '1960-04-27');
INSERT INTO Independence (country, independence) VALUES ('RB', '1966-09-30');
INSERT INTO Independence (country, independence) VALUES ('RSA', '1910-05-31');
INSERT INTO Independence (country, independence) VALUES ('ZW', '1980-04-18');
INSERT INTO Independence (country, independence) VALUES ('CI', '1960-08-07');
INSERT INTO Independence (country, independence) VALUES ('GH', '1957-03-06');
INSERT INTO Independence (country, independence) VALUES ('BI', '1962-07-01');
INSERT INTO Independence (country, independence) VALUES ('RWA', '1962-07-01');
INSERT INTO Independence (country, independence) VALUES ('EAT', '1964-04-26');
INSERT INTO Independence (country, independence) VALUES ('CAM', '1960-01-01');
INSERT INTO Independence (country, independence) VALUES ('RCA', '1960-08-13');
INSERT INTO Independence (country, independence) VALUES ('TCH', '1960-08-11');
INSERT INTO Independence (country, independence) VALUES ('GQ', '1968-10-12');
INSERT INTO Independence (country, independence) VALUES ('G', '1960-08-17');
INSERT INTO Independence (country, independence) VALUES ('CV', '1975-07-05');
INSERT INTO Independence (country, independence) VALUES ('SUD', '1956-01-01');
INSERT INTO Independence (country, independence) VALUES ('COM', '1975-07-06');
INSERT INTO Independence (country, independence) VALUES ('RG', '1958-10-02');
INSERT INTO Independence (country, independence) VALUES ('DJI', '1977-06-27');
INSERT INTO Independence (country, independence) VALUES ('ER', '1993-05-27');
INSERT INTO Independence (country, independence) VALUES ('SP', '1960-07-01');
INSERT INTO Independence (country, independence) VALUES ('EAK', '1963-12-12');
INSERT INTO Independence (country, independence) VALUES ('WAG', '1965-02-18');
INSERT INTO Independence (country, independence) VALUES ('SN', '1960-08-20');
INSERT INTO Independence (country, independence) VALUES ('GNB', '1974-09-10');
INSERT INTO Independence (country, independence) VALUES ('WAL', '1961-04-27');
INSERT INTO Independence (country, independence) VALUES ('EAU', '1962-10-09');
INSERT INTO Independence (country, independence) VALUES ('LS', '1966-10-04');
INSERT INTO Independence (country, independence) VALUES ('RM', '1960-06-26');
INSERT INTO Independence (country, independence) VALUES ('MW', '1964-07-06');
INSERT INTO Independence (country, independence) VALUES ('MOC', '1975-06-25');
INSERT INTO Independence (country, independence) VALUES ('MS', '1968-03-12');
INSERT INTO Independence (country, independence) VALUES ('SD', '1968-09-06');
INSERT INTO Independence (country, independence) VALUES ('STP', '1975-07-12');
INSERT INTO Independence (country, independence) VALUES ('SY', '1976-06-29');

-- INSERT : Continent
INSERT INTO Continent (name, area) VALUES ('Europe', 9562488);
INSERT INTO Continent (name, area) VALUES ('Asia', 45095292);
INSERT INTO Continent (name, area) VALUES ('Australia/Oceania', 8503474);
INSERT INTO Continent (name, area) VALUES ('Africa', 30254708);
INSERT INTO Continent (name, area) VALUES ('America', 39872000);

-- INSERT : Encompasses
INSERT INTO Encompasses (country, continent, percentage) VALUES ('AL', 'Europe', 100);
INSERT INTO Encompasses (country, continent, percentage) VALUES ('GR', 'Europe', 100);
INSERT INTO Encompasses (country, continent, percentage) VALUES ('MK', 'Europe', 100);
INSERT INTO Encompasses (country, continent, percentage) VALUES ('SRB', 'Europe', 100);
INSERT INTO Encompasses (country, continent, percentage) VALUES ('MNE', 'Europe', 100);
INSERT INTO Encompasses (country, continent, percentage) VALUES ('KOS', 'Europe', 100);
INSERT INTO Encompasses (country, continent, percentage) VALUES ('AND', 'Europe', 100);
INSERT INTO Encompasses (country, continent, percentage) VALUES ('F', 'Europe', 100);
INSERT INTO Encompasses (country, continent, percentage) VALUES ('E', 'Europe', 100);
INSERT INTO Encompasses (country, continent, percentage) VALUES ('A', 'Europe', 100);
INSERT INTO Encompasses (country, continent, percentage) VALUES ('CZ', 'Europe', 100);
INSERT INTO Encompasses (country, continent, percentage) VALUES ('D', 'Europe', 100);
INSERT INTO Encompasses (country, continent, percentage) VALUES ('H', 'Europe', 100);
INSERT INTO Encompasses (country, continent, percentage) VALUES ('I', 'Europe', 100);
INSERT INTO Encompasses (country, continent, percentage) VALUES ('FL', 'Europe', 100);
INSERT INTO Encompasses (country, continent, percentage) VALUES ('SK', 'Europe', 100);
INSERT INTO Encompasses (country, continent, percentage) VALUES ('SLO', 'Europe', 100);
INSERT INTO Encompasses (country, continent, percentage) VALUES ('CH', 'Europe', 100);
INSERT INTO Encompasses (country, continent, percentage) VALUES ('BY', 'Europe', 100);
INSERT INTO Encompasses (country, continent, percentage) VALUES ('LV', 'Europe', 100);
INSERT INTO Encompasses (country, continent, percentage) VALUES ('LT', 'Europe', 100);
INSERT INTO Encompasses (country, continent, percentage) VALUES ('PL', 'Europe', 100);
INSERT INTO Encompasses (country, continent, percentage) VALUES ('UA', 'Europe', 100);
INSERT INTO Encompasses (country, continent, percentage) VALUES ('R', 'Europe', 20);
INSERT INTO Encompasses (country, continent, percentage) VALUES ('R', 'Asia', 80);
INSERT INTO Encompasses (country, continent, percentage) VALUES ('B', 'Europe', 100);
INSERT INTO Encompasses (country, continent, percentage) VALUES ('L', 'Europe', 100);
INSERT INTO Encompasses (country, continent, percentage) VALUES ('NL', 'Europe', 100);
INSERT INTO Encompasses (country, continent, percentage) VALUES ('BIH', 'Europe', 100);
INSERT INTO Encompasses (country, continent, percentage) VALUES ('HR', 'Europe', 100);
INSERT INTO Encompasses (country, continent, percentage) VALUES ('BG', 'Europe', 100);
INSERT INTO Encompasses (country, continent, percentage) VALUES ('RO', 'Europe', 100);
INSERT INTO Encompasses (country, continent, percentage) VALUES ('TR', 'Europe', 5);
INSERT INTO Encompasses (country, continent, percentage) VALUES ('TR', 'Asia', 95);
INSERT INTO Encompasses (country, continent, percentage) VALUES ('DK', 'Europe', 100);
INSERT INTO Encompasses (country, continent, percentage) VALUES ('EW', 'Europe', 100);
INSERT INTO Encompasses (country, continent, percentage) VALUES ('FARX', 'Europe', 100);
INSERT INTO Encompasses (country, continent, percentage) VALUES ('SF', 'Europe', 100);
INSERT INTO Encompasses (country, continent, percentage) VALUES ('N', 'Europe', 100);
INSERT INTO Encompasses (country, continent, percentage) VALUES ('S', 'Europe', 100);
INSERT INTO Encompasses (country, continent, percentage) VALUES ('MC', 'Europe', 100);
INSERT INTO Encompasses (country, continent, percentage) VALUES ('GBZ', 'Europe', 100);
INSERT INTO Encompasses (country, continent, percentage) VALUES ('GBG', 'Europe', 100);
INSERT INTO Encompasses (country, continent, percentage) VALUES ('V', 'Europe', 100);
INSERT INTO Encompasses (country, continent, percentage) VALUES ('IS', 'Europe', 100);
INSERT INTO Encompasses (country, continent, percentage) VALUES ('IRL', 'Europe', 100);
INSERT INTO Encompasses (country, continent, percentage) VALUES ('RSM', 'Europe', 100);
INSERT INTO Encompasses (country, continent, percentage) VALUES ('GBJ', 'Europe', 100);
INSERT INTO Encompasses (country, continent, percentage) VALUES ('M', 'Europe', 100);
INSERT INTO Encompasses (country, continent, percentage) VALUES ('GBM', 'Europe', 100);
INSERT INTO Encompasses (country, continent, percentage) VALUES ('MD', 'Europe', 100);
INSERT INTO Encompasses (country, continent, percentage) VALUES ('P', 'Europe', 100);
INSERT INTO Encompasses (country, continent, percentage) VALUES ('SVAX', 'Europe', 100);
INSERT INTO Encompasses (country, continent, percentage) VALUES ('GB', 'Europe', 100);
INSERT INTO Encompasses (country, continent, percentage) VALUES ('AFG', 'Asia', 100);
INSERT INTO Encompasses (country, continent, percentage) VALUES ('TJ', 'Asia', 100);
INSERT INTO Encompasses (country, continent, percentage) VALUES ('IR', 'Asia', 100);
INSERT INTO Encompasses (country, continent, percentage) VALUES ('PK', 'Asia', 100);
INSERT INTO Encompasses (country, continent, percentage) VALUES ('TAD', 'Asia', 100);
INSERT INTO Encompasses (country, continent, percentage) VALUES ('TM', 'Asia', 100);
INSERT INTO Encompasses (country, continent, percentage) VALUES ('UZB', 'Asia', 100);
INSERT INTO Encompasses (country, continent, percentage) VALUES ('ARM', 'Asia', 100);
INSERT INTO Encompasses (country, continent, percentage) VALUES ('GE', 'Asia', 100);
INSERT INTO Encompasses (country, continent, percentage) VALUES ('AZ', 'Asia', 100);
INSERT INTO Encompasses (country, continent, percentage) VALUES ('BRN', 'Asia', 100);
INSERT INTO Encompasses (country, continent, percentage) VALUES ('BD', 'Asia', 100);
INSERT INTO Encompasses (country, continent, percentage) VALUES ('MYA', 'Asia', 100);
INSERT INTO Encompasses (country, continent, percentage) VALUES ('IND', 'Asia', 100);
INSERT INTO Encompasses (country, continent, percentage) VALUES ('BHT', 'Asia', 100);
INSERT INTO Encompasses (country, continent, percentage) VALUES ('BRU', 'Asia', 100);
INSERT INTO Encompasses (country, continent, percentage) VALUES ('MAL', 'Asia', 100);
INSERT INTO Encompasses (country, continent, percentage) VALUES ('LAO', 'Asia', 100);
INSERT INTO Encompasses (country, continent, percentage) VALUES ('THA', 'Asia', 100);
INSERT INTO Encompasses (country, continent, percentage) VALUES ('K', 'Asia', 100);
INSERT INTO Encompasses (country, continent, percentage) VALUES ('VN', 'Asia', 100);
INSERT INTO Encompasses (country, continent, percentage) VALUES ('KAZ', 'Asia', 100);
INSERT INTO Encompasses (country, continent, percentage) VALUES ('NOK', 'Asia', 100);
INSERT INTO Encompasses (country, continent, percentage) VALUES ('KGZ', 'Asia', 100);
INSERT INTO Encompasses (country, continent, percentage) VALUES ('HONX', 'Asia', 100);
INSERT INTO Encompasses (country, continent, percentage) VALUES ('MACX', 'Asia', 100);
INSERT INTO Encompasses (country, continent, percentage) VALUES ('MNG', 'Asia', 100);
INSERT INTO Encompasses (country, continent, percentage) VALUES ('NEP', 'Asia', 100);
INSERT INTO Encompasses (country, continent, percentage) VALUES ('XMAS', 'Australia/Oceania', 100);
INSERT INTO Encompasses (country, continent, percentage) VALUES ('COCO', 'Australia/Oceania', 100);
INSERT INTO Encompasses (country, continent, percentage) VALUES ('CY', 'Europe', 100);
INSERT INTO Encompasses (country, continent, percentage) VALUES ('IL', 'Asia', 100);
INSERT INTO Encompasses (country, continent, percentage) VALUES ('ET', 'Asia', 10);
INSERT INTO Encompasses (country, continent, percentage) VALUES ('ET', 'Africa', 90);
INSERT INTO Encompasses (country, continent, percentage) VALUES ('RI', 'Asia', 80);
INSERT INTO Encompasses (country, continent, percentage) VALUES ('RI', 'Australia/Oceania', 20);
INSERT INTO Encompasses (country, continent, percentage) VALUES ('TL', 'Asia', 100);
INSERT INTO Encompasses (country, continent, percentage) VALUES ('PNG', 'Australia/Oceania', 100);
INSERT INTO Encompasses (country, continent, percentage) VALUES ('IRQ', 'Asia', 100);
INSERT INTO Encompasses (country, continent, percentage) VALUES ('JOR', 'Asia', 100);
INSERT INTO Encompasses (country, continent, percentage) VALUES ('KWT', 'Asia', 100);
INSERT INTO Encompasses (country, continent, percentage) VALUES ('SA', 'Asia', 100);
INSERT INTO Encompasses (country, continent, percentage) VALUES ('SYR', 'Asia', 100);
INSERT INTO Encompasses (country, continent, percentage) VALUES ('RL', 'Asia', 100);
INSERT INTO Encompasses (country, continent, percentage) VALUES ('J', 'Asia', 100);
INSERT INTO Encompasses (country, continent, percentage) VALUES ('ROK', 'Asia', 100);
INSERT INTO Encompasses (country, continent, percentage) VALUES ('MV', 'Asia', 100);
INSERT INTO Encompasses (country, continent, percentage) VALUES ('OM', 'Asia', 100);
INSERT INTO Encompasses (country, continent, percentage) VALUES ('UAE', 'Asia', 100);
INSERT INTO Encompasses (country, continent, percentage) VALUES ('YE', 'Asia', 100);
INSERT INTO Encompasses (country, continent, percentage) VALUES ('RP', 'Asia', 100);
INSERT INTO Encompasses (country, continent, percentage) VALUES ('Q', 'Asia', 100);
INSERT INTO Encompasses (country, continent, percentage) VALUES ('SGP', 'Asia', 100);
INSERT INTO Encompasses (country, continent, percentage) VALUES ('CL', 'Asia', 100);
INSERT INTO Encompasses (country, continent, percentage) VALUES ('RC', 'Asia', 100);
INSERT INTO Encompasses (country, continent, percentage) VALUES ('AXA', 'America', 100);
INSERT INTO Encompasses (country, continent, percentage) VALUES ('AG', 'America', 100);
INSERT INTO Encompasses (country, continent, percentage) VALUES ('ARU', 'America', 100);
INSERT INTO Encompasses (country, continent, percentage) VALUES ('BS', 'America', 100);
INSERT INTO Encompasses (country, continent, percentage) VALUES ('BDS', 'America', 100);
INSERT INTO Encompasses (country, continent, percentage) VALUES ('BZ', 'America', 100);
INSERT INTO Encompasses (country, continent, percentage) VALUES ('GCA', 'America', 100);
INSERT INTO Encompasses (country, continent, percentage) VALUES ('MEX', 'America', 100);
INSERT INTO Encompasses (country, continent, percentage) VALUES ('BERM', 'America', 100);
INSERT INTO Encompasses (country, continent, percentage) VALUES ('BVIR', 'America', 100);
INSERT INTO Encompasses (country, continent, percentage) VALUES ('CDN', 'America', 100);
INSERT INTO Encompasses (country, continent, percentage) VALUES ('USA', 'America', 100);
INSERT INTO Encompasses (country, continent, percentage) VALUES ('CAYM', 'America', 100);
INSERT INTO Encompasses (country, continent, percentage) VALUES ('CR', 'America', 100);
INSERT INTO Encompasses (country, continent, percentage) VALUES ('NIC', 'America', 100);
INSERT INTO Encompasses (country, continent, percentage) VALUES ('PA', 'America', 100);
INSERT INTO Encompasses (country, continent, percentage) VALUES ('C', 'America', 100);
INSERT INTO Encompasses (country, continent, percentage) VALUES ('WD', 'America', 100);
INSERT INTO Encompasses (country, continent, percentage) VALUES ('DOM', 'America', 100);
INSERT INTO Encompasses (country, continent, percentage) VALUES ('RH', 'America', 100);
INSERT INTO Encompasses (country, continent, percentage) VALUES ('ES', 'America', 100);
INSERT INTO Encompasses (country, continent, percentage) VALUES ('HCA', 'America', 100);
INSERT INTO Encompasses (country, continent, percentage) VALUES ('GROX', 'America', 100);
INSERT INTO Encompasses (country, continent, percentage) VALUES ('WG', 'America', 100);
INSERT INTO Encompasses (country, continent, percentage) VALUES ('GUAD', 'America', 100);
INSERT INTO Encompasses (country, continent, percentage) VALUES ('JA', 'America', 100);
INSERT INTO Encompasses (country, continent, percentage) VALUES ('MART', 'America', 100);
INSERT INTO Encompasses (country, continent, percentage) VALUES ('MNTS', 'America', 100);
INSERT INTO Encompasses (country, continent, percentage) VALUES ('NA', 'America', 100);
INSERT INTO Encompasses (country, continent, percentage) VALUES ('SMAR', 'America', 100);
INSERT INTO Encompasses (country, continent, percentage) VALUES ('CO', 'America', 100);
INSERT INTO Encompasses (country, continent, percentage) VALUES ('PR', 'America', 100);
INSERT INTO Encompasses (country, continent, percentage) VALUES ('KN', 'America', 100);
INSERT INTO Encompasses (country, continent, percentage) VALUES ('WL', 'America', 100);
INSERT INTO Encompasses (country, continent, percentage) VALUES ('SPMI', 'America', 100);
INSERT INTO Encompasses (country, continent, percentage) VALUES ('WV', 'America', 100);
INSERT INTO Encompasses (country, continent, percentage) VALUES ('TT', 'America', 100);
INSERT INTO Encompasses (country, continent, percentage) VALUES ('TUCA', 'America', 100);
INSERT INTO Encompasses (country, continent, percentage) VALUES ('VIRG', 'America', 100);
INSERT INTO Encompasses (country, continent, percentage) VALUES ('AMSA', 'Australia/Oceania', 100);
INSERT INTO Encompasses (country, continent, percentage) VALUES ('AUS', 'Australia/Oceania', 100);
INSERT INTO Encompasses (country, continent, percentage) VALUES ('COOK', 'Australia/Oceania', 100);
INSERT INTO Encompasses (country, continent, percentage) VALUES ('FJI', 'Australia/Oceania', 100);
INSERT INTO Encompasses (country, continent, percentage) VALUES ('FPOL', 'Australia/Oceania', 100);
INSERT INTO Encompasses (country, continent, percentage) VALUES ('GUAM', 'Australia/Oceania', 100);
INSERT INTO Encompasses (country, continent, percentage) VALUES ('KIR', 'Australia/Oceania', 100);
INSERT INTO Encompasses (country, continent, percentage) VALUES ('MH', 'Australia/Oceania', 100);
INSERT INTO Encompasses (country, continent, percentage) VALUES ('FSM', 'Australia/Oceania', 100);
INSERT INTO Encompasses (country, continent, percentage) VALUES ('NAU', 'Australia/Oceania', 100);
INSERT INTO Encompasses (country, continent, percentage) VALUES ('NCA', 'Australia/Oceania', 100);
INSERT INTO Encompasses (country, continent, percentage) VALUES ('NZ', 'Australia/Oceania', 100);
INSERT INTO Encompasses (country, continent, percentage) VALUES ('NIUE', 'Australia/Oceania', 100);
INSERT INTO Encompasses (country, continent, percentage) VALUES ('NORF', 'Australia/Oceania', 100);
INSERT INTO Encompasses (country, continent, percentage) VALUES ('NMIS', 'Australia/Oceania', 100);
INSERT INTO Encompasses (country, continent, percentage) VALUES ('PAL', 'Australia/Oceania', 100);
INSERT INTO Encompasses (country, continent, percentage) VALUES ('PITC', 'Australia/Oceania', 100);
INSERT INTO Encompasses (country, continent, percentage) VALUES ('SLB', 'Australia/Oceania', 100);
INSERT INTO Encompasses (country, continent, percentage) VALUES ('TO', 'Australia/Oceania', 100);
INSERT INTO Encompasses (country, continent, percentage) VALUES ('TUV', 'Australia/Oceania', 100);
INSERT INTO Encompasses (country, continent, percentage) VALUES ('VU', 'Australia/Oceania', 100);
INSERT INTO Encompasses (country, continent, percentage) VALUES ('WAFU', 'Australia/Oceania', 100);
INSERT INTO Encompasses (country, continent, percentage) VALUES ('WS', 'Australia/Oceania', 100);
INSERT INTO Encompasses (country, continent, percentage) VALUES ('RA', 'America', 100);
INSERT INTO Encompasses (country, continent, percentage) VALUES ('BOL', 'America', 100);
INSERT INTO Encompasses (country, continent, percentage) VALUES ('BR', 'America', 100);
INSERT INTO Encompasses (country, continent, percentage) VALUES ('RCH', 'America', 100);
INSERT INTO Encompasses (country, continent, percentage) VALUES ('PY', 'America', 100);
INSERT INTO Encompasses (country, continent, percentage) VALUES ('ROU', 'America', 100);
INSERT INTO Encompasses (country, continent, percentage) VALUES ('PE', 'America', 100);
INSERT INTO Encompasses (country, continent, percentage) VALUES ('FGU', 'America', 100);
INSERT INTO Encompasses (country, continent, percentage) VALUES ('GUY', 'America', 100);
INSERT INTO Encompasses (country, continent, percentage) VALUES ('SME', 'America', 100);
INSERT INTO Encompasses (country, continent, percentage) VALUES ('YV', 'America', 100);
INSERT INTO Encompasses (country, continent, percentage) VALUES ('EC', 'America', 100);
INSERT INTO Encompasses (country, continent, percentage) VALUES ('FALK', 'America', 100);
INSERT INTO Encompasses (country, continent, percentage) VALUES ('DZ', 'Africa', 100);
INSERT INTO Encompasses (country, continent, percentage) VALUES ('LAR', 'Africa', 100);
INSERT INTO Encompasses (country, continent, percentage) VALUES ('RMM', 'Africa', 100);
INSERT INTO Encompasses (country, continent, percentage) VALUES ('RIM', 'Africa', 100);
INSERT INTO Encompasses (country, continent, percentage) VALUES ('MA', 'Africa', 100);
INSERT INTO Encompasses (country, continent, percentage) VALUES ('RN', 'Africa', 100);
INSERT INTO Encompasses (country, continent, percentage) VALUES ('TN', 'Africa', 100);
INSERT INTO Encompasses (country, continent, percentage) VALUES ('WSA', 'Africa', 100);
INSERT INTO Encompasses (country, continent, percentage) VALUES ('ANG', 'Africa', 100);
INSERT INTO Encompasses (country, continent, percentage) VALUES ('RCB', 'Africa', 100);
INSERT INTO Encompasses (country, continent, percentage) VALUES ('NAM', 'Africa', 100);
INSERT INTO Encompasses (country, continent, percentage) VALUES ('ZRE', 'Africa', 100);
INSERT INTO Encompasses (country, continent, percentage) VALUES ('Z', 'Africa', 100);
INSERT INTO Encompasses (country, continent, percentage) VALUES ('BEN', 'Africa', 100);
INSERT INTO Encompasses (country, continent, percentage) VALUES ('BF', 'Africa', 100);
INSERT INTO Encompasses (country, continent, percentage) VALUES ('WAN', 'Africa', 100);
INSERT INTO Encompasses (country, continent, percentage) VALUES ('RT', 'Africa', 100);
INSERT INTO Encompasses (country, continent, percentage) VALUES ('RB', 'Africa', 100);
INSERT INTO Encompasses (country, continent, percentage) VALUES ('RSA', 'Africa', 100);
INSERT INTO Encompasses (country, continent, percentage) VALUES ('ZW', 'Africa', 100);
INSERT INTO Encompasses (country, continent, percentage) VALUES ('CI', 'Africa', 100);
INSERT INTO Encompasses (country, continent, percentage) VALUES ('GH', 'Africa', 100);
INSERT INTO Encompasses (country, continent, percentage) VALUES ('BI', 'Africa', 100);
INSERT INTO Encompasses (country, continent, percentage) VALUES ('RWA', 'Africa', 100);
INSERT INTO Encompasses (country, continent, percentage) VALUES ('EAT', 'Africa', 100);
INSERT INTO Encompasses (country, continent, percentage) VALUES ('CAM', 'Africa', 100);
INSERT INTO Encompasses (country, continent, percentage) VALUES ('RCA', 'Africa', 100);
INSERT INTO Encompasses (country, continent, percentage) VALUES ('TCH', 'Africa', 100);
INSERT INTO Encompasses (country, continent, percentage) VALUES ('GQ', 'Africa', 100);
INSERT INTO Encompasses (country, continent, percentage) VALUES ('G', 'Africa', 100);
INSERT INTO Encompasses (country, continent, percentage) VALUES ('CV', 'Africa', 100);
INSERT INTO Encompasses (country, continent, percentage) VALUES ('SUD', 'Africa', 100);
INSERT INTO Encompasses (country, continent, percentage) VALUES ('COM', 'Africa', 100);
INSERT INTO Encompasses (country, continent, percentage) VALUES ('RG', 'Africa', 100);
INSERT INTO Encompasses (country, continent, percentage) VALUES ('LB', 'Africa', 100);
INSERT INTO Encompasses (country, continent, percentage) VALUES ('DJI', 'Africa', 100);
INSERT INTO Encompasses (country, continent, percentage) VALUES ('ER', 'Africa', 100);
INSERT INTO Encompasses (country, continent, percentage) VALUES ('ETH', 'Africa', 100);
INSERT INTO Encompasses (country, continent, percentage) VALUES ('SP', 'Africa', 100);
INSERT INTO Encompasses (country, continent, percentage) VALUES ('EAK', 'Africa', 100);
INSERT INTO Encompasses (country, continent, percentage) VALUES ('WAG', 'Africa', 100);
INSERT INTO Encompasses (country, continent, percentage) VALUES ('SN', 'Africa', 100);
INSERT INTO Encompasses (country, continent, percentage) VALUES ('GNB', 'Africa', 100);
INSERT INTO Encompasses (country, continent, percentage) VALUES ('WAL', 'Africa', 100);
INSERT INTO Encompasses (country, continent, percentage) VALUES ('EAU', 'Africa', 100);
INSERT INTO Encompasses (country, continent, percentage) VALUES ('LS', 'Africa', 100);
INSERT INTO Encompasses (country, continent, percentage) VALUES ('RM', 'Africa', 100);
INSERT INTO Encompasses (country, continent, percentage) VALUES ('MW', 'Africa', 100);
INSERT INTO Encompasses (country, continent, percentage) VALUES ('MOC', 'Africa', 100);
INSERT INTO Encompasses (country, continent, percentage) VALUES ('MS', 'Africa', 100);
INSERT INTO Encompasses (country, continent, percentage) VALUES ('MAYO', 'Africa', 100);
INSERT INTO Encompasses (country, continent, percentage) VALUES ('SD', 'Africa', 100);
INSERT INTO Encompasses (country, continent, percentage) VALUES ('REUN', 'Australia/Oceania', 100);
INSERT INTO Encompasses (country, continent, percentage) VALUES ('HELX', 'Australia/Oceania', 100);
INSERT INTO Encompasses (country, continent, percentage) VALUES ('STP', 'Africa', 100);
INSERT INTO Encompasses (country, continent, percentage) VALUES ('SY', 'Africa', 100);

-- INSERT : Province
INSERT INTO Province (name, country, population, area, capital) VALUES ('Anatoliki Makedhonia kai Thraki', 'GR', 574308, 14157, 'Komotini');
INSERT INTO Province (name, country, population, area, capital) VALUES ('Attiki', 'GR', 3522769, 3808, 'Athens');
INSERT INTO Province (name, country, population, area, capital) VALUES ('Dhytiki Ellas', 'GR', 702027, 11350, 'Patrai');
INSERT INTO Province (name, country, population, area, capital) VALUES ('Dhytiki Makedhonia', 'GR', 292751, 9451, 'Kozani');
INSERT INTO Province (name, country, population, area, capital) VALUES ('Ionioi Nisoi', 'GR', 191003, 2307, 'Korfu');
INSERT INTO Province (name, country, population, area, capital) VALUES ('Ipiros', 'GR', 339210, 9203, 'Ioannina');
INSERT INTO Province (name, country, population, area, capital) VALUES ('Kedriki Makedhonia', 'GR', 1729581, 19147, 'Thessaloniki');
INSERT INTO Province (name, country, population, area, capital) VALUES ('Kriti', 'GR', 537183, 8336, 'Iraklion');
INSERT INTO Province (name, country, population, area, capital) VALUES ('Notion Aiyaion', 'GR', 262522, 5286, 'Ermoupoli');
INSERT INTO Province (name, country, population, area, capital) VALUES ('Peloponnisos', 'GR', 605663, 15490, 'Tripoli');
INSERT INTO Province (name, country, population, area, capital) VALUES ('Sterea Ellas', 'GR', 578876, 15549, 'Lamia');
INSERT INTO Province (name, country, population, area, capital) VALUES ('Thessalia', 'GR', 731030, 14037, 'Larisa');
INSERT INTO Province (name, country, population, area, capital) VALUES ('Voreion Aiyaion', 'GR', 189541, 3836, 'Mytilini');
INSERT INTO Province (name, country, population, area, capital) VALUES ('Alsace', 'F', 1624000, 8280, 'Strasbourg');
INSERT INTO Province (name, country, population, area, capital) VALUES ('Aquitaine', 'F', 2796000, 41309, 'Bordeaux');
INSERT INTO Province (name, country, population, area, capital) VALUES ('Auvergne', 'F', 1321000, 26013, 'Clermont Ferrand');
INSERT INTO Province (name, country, population, area, capital) VALUES ('Basse Normandie', 'F', 1391000, 17589, 'Caen');
INSERT INTO Province (name, country, population, area, capital) VALUES ('Bretagne', 'F', 2796000, 27209, 'Rennes');
INSERT INTO Province (name, country, population, area, capital) VALUES ('Bourgogne', 'F', 1609000, 31582, 'Dijon');
INSERT INTO Province (name, country, population, area, capital) VALUES ('Centre', 'F', 2371000, 39151, 'Orleans');
INSERT INTO Province (name, country, population, area, capital) VALUES ('Champagne Ardenne', 'F', 1348000, 25606, 'Chalons en Champagne');
INSERT INTO Province (name, country, population, area, capital) VALUES ('Corse', 'F', 250000, 8680, 'Ajaccio');
INSERT INTO Province (name, country, population, area, capital) VALUES ('Franche Comte', 'F', 1097000, 16202, 'Besancon');
INSERT INTO Province (name, country, population, area, capital) VALUES ('Haute Normandie', 'F', 1737000, 12318, 'Rouen');
INSERT INTO Province (name, country, population, area, capital) VALUES ('Ile de France', 'F', 10660000, 12011, 'Paris');
INSERT INTO Province (name, country, population, area, capital) VALUES ('Languedoc Roussillon', 'F', 2115000, 27376, 'Montpellier');
INSERT INTO Province (name, country, population, area, capital) VALUES ('Limousin', 'F', 723000, 16942, 'Limoges');
INSERT INTO Province (name, country, population, area, capital) VALUES ('Lorraine', 'F', 2306000, 23547, 'Metz');
INSERT INTO Province (name, country, population, area, capital) VALUES ('Midi Pyrenees', 'F', 2431000, 45349, 'Toulouse');
INSERT INTO Province (name, country, population, area, capital) VALUES ('Nord Pas de Calais', 'F', 3965000, 12413, 'Lille');
INSERT INTO Province (name, country, population, area, capital) VALUES ('Pays de la Loire', 'F', 3059000, 32082, 'Nantes');
INSERT INTO Province (name, country, population, area, capital) VALUES ('Picardie', 'F', 1811000, 19399, 'Amiens');
INSERT INTO Province (name, country, population, area, capital) VALUES ('Poitou Charentes', 'F', 1595000, 25809, 'Poitiers');
INSERT INTO Province (name, country, population, area, capital) VALUES ('Provence Cote dAzur', 'F', 4258000, 31400, 'Marseille');
INSERT INTO Province (name, country, population, area, capital) VALUES ('Rhone Alpes', 'F', 5351000, 43698, 'Lyon');
INSERT INTO Province (name, country, population, area, capital) VALUES ('Andalusia', 'E', 7053043, 87600, 'Sevilla');
INSERT INTO Province (name, country, population, area, capital) VALUES ('Aragon', 'E', 1183576, 47720, 'Zaragoza');
INSERT INTO Province (name, country, population, area, capital) VALUES ('Asturias', 'E', 1083388, 10604, 'Oviedo');
INSERT INTO Province (name, country, population, area, capital) VALUES ('Balearic Islands', 'E', 736865, 4992, 'Palma de Mallorca');
INSERT INTO Province (name, country, population, area, capital) VALUES ('Basque Country', 'E', 2075561, 7235, 'Vitoria Gasteiz');
INSERT INTO Province (name, country, population, area, capital) VALUES ('Canary Islands', 'E', 1534897, 7447, 'Santa Cruz de Tenerife');
INSERT INTO Province (name, country, population, area, capital) VALUES ('Cantabria', 'E', 526090, 5321, 'Santander');
INSERT INTO Province (name, country, population, area, capital) VALUES ('Castile and Leon', 'E', 2504371, 94224, 'Valladolid');
INSERT INTO Province (name, country, population, area, capital) VALUES ('Castile La Mancha', 'E', 1656179, 79462, 'Toledo');
INSERT INTO Province (name, country, population, area, capital) VALUES ('Catalonia', 'E', 6090107, 32113, 'Barcelona');
INSERT INTO Province (name, country, population, area, capital) VALUES ('Estremadura', 'E', 1050590, 41635, 'Merida');
INSERT INTO Province (name, country, population, area, capital) VALUES ('Galicia', 'E', 2720761, 29574, 'Santiago de Compostella');
INSERT INTO Province (name, country, population, area, capital) VALUES ('Madrid', 'E', 5034548, 8028, 'Madrid');
INSERT INTO Province (name, country, population, area, capital) VALUES ('Murcia', 'E', 1070401, 11314, 'Murcia');
INSERT INTO Province (name, country, population, area, capital) VALUES ('Navarre', 'E', 523614, 10391, 'Pamplona');
INSERT INTO Province (name, country, population, area, capital) VALUES ('Rioja', 'E', 263437, 5045, 'Logrono');
INSERT INTO Province (name, country, population, area, capital) VALUES ('Valencia', 'E', 3909047, 23255, 'Valencia');
INSERT INTO Province (name, country, population, area, capital) VALUES ('Burgenland', 'A', 273000, 3965, 'Eisenstadt');
INSERT INTO Province (name, country, population, area, capital) VALUES ('Carinthia', 'A', 559000, 9533, 'Klagenfurt');
INSERT INTO Province (name, country, population, area, capital) VALUES ('Vorarlberg', 'A', 341000, 2601, 'Bregenz');
INSERT INTO Province (name, country, population, area, capital) VALUES ('Vienna', 'A', 1583000, 415, 'Vienna');
INSERT INTO Province (name, country, population, area, capital) VALUES ('Upper Austria', 'A', 1373000, 11979, 'Linz');
INSERT INTO Province (name, country, population, area, capital) VALUES ('Tyrol', 'A', 649000, 12647, 'Innsbruck');
INSERT INTO Province (name, country, population, area, capital) VALUES ('Styria', 'A', 1203000, 16386, 'Graz');
INSERT INTO Province (name, country, population, area, capital) VALUES ('Salzburg', 'A', 501000, 7154, 'Salzburg');
INSERT INTO Province (name, country, population, area, capital) VALUES ('Lower Austria', 'A', 1507000, 19170, 'St. Polten');
INSERT INTO Province (name, country, population, area, capital) VALUES ('Jihocesky', 'CZ', 702000, 11345, 'Ceske Budejovice');
INSERT INTO Province (name, country, population, area, capital) VALUES ('Jihomoravsky', 'CZ', 2059000, 15028, 'Brno');
INSERT INTO Province (name, country, population, area, capital) VALUES ('Severocesky', 'CZ', 1190000, 7819, 'Usti nad Labem');
INSERT INTO Province (name, country, population, area, capital) VALUES ('Severomoravsky', 'CZ', 1976000, 11067, 'Ostrava');
INSERT INTO Province (name, country, population, area, capital) VALUES ('Praha', 'CZ', 2329000, 11490, 'Prague');
INSERT INTO Province (name, country, population, area, capital) VALUES ('Vychodocesky', 'CZ', 1240000, 11240, 'Hradec Kralove');
INSERT INTO Province (name, country, population, area, capital) VALUES ('Zapadocesky', 'CZ', 869000, 10875, 'Plzen');
INSERT INTO Province (name, country, population, area, capital) VALUES ('Baden Wurttemberg', 'D', 10272069, 35742, 'Stuttgart');
INSERT INTO Province (name, country, population, area, capital) VALUES ('Bayern', 'D', 11921944, 70546, 'Munich');
INSERT INTO Province (name, country, population, area, capital) VALUES ('Berlin', 'D', 3472009, 889, 'Berlin');
INSERT INTO Province (name, country, population, area, capital) VALUES ('Brandenburg', 'D', 2536747, 29480, 'Potsdam');
INSERT INTO Province (name, country, population, area, capital) VALUES ('Bremen', 'D', 680000, 404, 'Bremen');
INSERT INTO Province (name, country, population, area, capital) VALUES ('Hamburg', 'D', 1705872, 755, 'Hamburg');
INSERT INTO Province (name, country, population, area, capital) VALUES ('Hessen', 'D', 5980693, 21115, 'Wiesbaden');
INSERT INTO Province (name, country, population, area, capital) VALUES ('Mecklenburg Vorpommern', 'D', 1832298, 23170, 'Schwerin');
INSERT INTO Province (name, country, population, area, capital) VALUES ('Niedersachsen', 'D', 7715363, 47609, 'Hannover');
INSERT INTO Province (name, country, population, area, capital) VALUES ('Nordrhein Westfalen', 'D', 17816079, 34077, 'Dusseldorf');
INSERT INTO Province (name, country, population, area, capital) VALUES ('Rheinland Pfalz', 'D', 3951573, 19851, 'Mainz');
INSERT INTO Province (name, country, population, area, capital) VALUES ('Saarland', 'D', 1084201, 2570, 'Saarbrucken');
INSERT INTO Province (name, country, population, area, capital) VALUES ('Sachsen', 'D', 4584345, 18412, 'Dresden');
INSERT INTO Province (name, country, population, area, capital) VALUES ('Sachsen Anhalt', 'D', 2759213, 20446, 'Magdeburg');
INSERT INTO Province (name, country, population, area, capital) VALUES ('Schleswig Holstein', 'D', 2708392, 15738, 'Kiel');
INSERT INTO Province (name, country, population, area, capital) VALUES ('Thuringen', 'D', 2517776, 16171, 'Erfurt');
INSERT INTO Province (name, country, population, area, capital) VALUES ('Baranya', 'H', 417100, 4487, 'Pecs');
INSERT INTO Province (name, country, population, area, capital) VALUES ('Bacs Kiskun', 'H', 540800, 8363, 'Kecskemet');
INSERT INTO Province (name, country, population, area, capital) VALUES ('Bekes', 'H', 404000, 5632, 'Bekescaba');
INSERT INTO Province (name, country, population, area, capital) VALUES ('Borsod Abauj Zemplen', 'H', 749100, 7248, 'Miskolc');
INSERT INTO Province (name, country, population, area, capital) VALUES ('Csongrad', 'H', 437600, 4263, 'Hodmezovasarhely');
INSERT INTO Province (name, country, population, area, capital) VALUES ('Fejer', 'H', 422500, 4374, 'Szekesfehervar');
INSERT INTO Province (name, country, population, area, capital) VALUES ('Gyor Sopron', 'H', 426800, 4012, 'Gyor');
INSERT INTO Province (name, country, population, area, capital) VALUES ('Hajdu Bihar', 'H', 549700, 6212, 'Debrecen');
INSERT INTO Province (name, country, population, area, capital) VALUES ('Heves', 'H', 330200, 3637, 'Eger');
INSERT INTO Province (name, country, population, area, capital) VALUES ('Komarom Esztergom', 'H', 312900, 2250, 'Tatabanya');
INSERT INTO Province (name, country, population, area, capital) VALUES ('Nograd', 'H', 222700, 2544, 'Salgotarjan');
INSERT INTO Province (name, country, population, area, capital) VALUES ('Pest', 'H', 957900, 6394, 'Budapest');
INSERT INTO Province (name, country, population, area, capital) VALUES ('Somogy', 'H', 340000, 6035, 'Kaposvar');
INSERT INTO Province (name, country, population, area, capital) VALUES ('Szabolcs Szatmar', 'H', 563500, 5938, 'Nyiregyhaza');
INSERT INTO Province (name, country, population, area, capital) VALUES ('Szolnok', 'H', 420900, 5608, 'Szolnok');
INSERT INTO Province (name, country, population, area, capital) VALUES ('Tolna', 'H', 251000, 3702, 'Szekszard');
INSERT INTO Province (name, country, population, area, capital) VALUES ('Vas', 'H', 273900, 3337, 'Szombathely');
INSERT INTO Province (name, country, population, area, capital) VALUES ('Veszprem', 'H', 378300, 4689, 'Veszprem');
INSERT INTO Province (name, country, population, area, capital) VALUES ('Zala', 'H', 302600, 3786, 'Zalaegerszeg');
INSERT INTO Province (name, country, population, area, capital) VALUES ('Budapest (munic.)', 'H', 2008500, 525, 'Budapest');
INSERT INTO Province (name, country, population, area, capital) VALUES ('Debrecen (munic.)', 'H', 217300, 446, 'Debrecen');
INSERT INTO Province (name, country, population, area, capital) VALUES ('Gyor (munic.)', 'H', 130600, 175, 'Gyor');
INSERT INTO Province (name, country, population, area, capital) VALUES ('Miskolc (munic.)', 'H', 191000, 224, 'Miskolc');
INSERT INTO Province (name, country, population, area, capital) VALUES ('Pecs (munic.)', 'H', 171600, 113, 'Pecs');
INSERT INTO Province (name, country, population, area, capital) VALUES ('Szeged (munic.)', 'H', 178500, 145, 'Szeged');
INSERT INTO Province (name, country, population, area, capital) VALUES ('Piemonte', 'I', 4307000, 25399, 'Turin');
INSERT INTO Province (name, country, population, area, capital) VALUES ('Valle dAosta', 'I', 118000, 3262, 'Aosta');
INSERT INTO Province (name, country, population, area, capital) VALUES ('Lombardia', 'I', 8901000, 23857, 'Milan');
INSERT INTO Province (name, country, population, area, capital) VALUES ('Trentino Alto Adige', 'I', 904000, 13618, 'Bolzano');
INSERT INTO Province (name, country, population, area, capital) VALUES ('Veneto', 'I', 4415000, 18364, 'Venice');
INSERT INTO Province (name, country, population, area, capital) VALUES ('Friuli Venezia Giulia', 'I', 1193000, 7845, 'Trieste');
INSERT INTO Province (name, country, population, area, capital) VALUES ('Liguria', 'I', 1663000, 5418, 'Genua');
INSERT INTO Province (name, country, population, area, capital) VALUES ('Emilia Romagna', 'I', 3924000, 22123, 'Bologna');
INSERT INTO Province (name, country, population, area, capital) VALUES ('Toscana', 'I', 3528000, 22992, 'Firenze');
INSERT INTO Province (name, country, population, area, capital) VALUES ('Umbria', 'I', 819000, 8456, 'Perugia');
INSERT INTO Province (name, country, population, area, capital) VALUES ('Marche', 'I', 1438000, 9693, 'Ancona');
INSERT INTO Province (name, country, population, area, capital) VALUES ('Lazio', 'I', 5185000, 17203, 'Rome');
INSERT INTO Province (name, country, population, area, capital) VALUES ('Abruzzo', 'I', 1263000, 10794, 'LAquila');
INSERT INTO Province (name, country, population, area, capital) VALUES ('Molise', 'I', 332000, 4438, 'Campobasso');
INSERT INTO Province (name, country, population, area, capital) VALUES ('Campania', 'I', 5709000, 13595, 'Napoli');
INSERT INTO Province (name, country, population, area, capital) VALUES ('Puglia', 'I', 4066000, 19348, 'Bari');
INSERT INTO Province (name, country, population, area, capital) VALUES ('Basilicata', 'I', 611000, 9992, 'Potenza');
INSERT INTO Province (name, country, population, area, capital) VALUES ('Calabria', 'I', 2080000, 15080, 'Catanzaro');
INSERT INTO Province (name, country, population, area, capital) VALUES ('Sicilia', 'I', 5025000, 25709, 'Palermo');
INSERT INTO Province (name, country, population, area, capital) VALUES ('Sardegna', 'I', 1657000, 24090, 'Cagliari');
INSERT INTO Province (name, country, population, area, capital) VALUES ('AG', 'CH', 528887, 1403, 'Aarau');
INSERT INTO Province (name, country, population, area, capital) VALUES ('AR', 'CH', 54104, 242, 'Herisau');
INSERT INTO Province (name, country, population, area, capital) VALUES ('AI', 'CH', 14750, 172, 'Appenzell');
INSERT INTO Province (name, country, population, area, capital) VALUES ('BL', 'CH', 252331, 517, 'Liestal');
INSERT INTO Province (name, country, population, area, capital) VALUES ('BS', 'CH', 195759, 37, 'Basel');
INSERT INTO Province (name, country, population, area, capital) VALUES ('BE', 'CH', 941952, 5960, 'Bern');
INSERT INTO Province (name, country, population, area, capital) VALUES ('FR', 'CH', 224552, 1670, 'Fribourg');
INSERT INTO Province (name, country, population, area, capital) VALUES ('GE', 'CH', 395466, 282, 'Geneva');
INSERT INTO Province (name, country, population, area, capital) VALUES ('GL', 'CH', 39410, 685, 'Glarus');
INSERT INTO Province (name, country, population, area, capital) VALUES ('GR', 'CH', 185063, 7105, 'Chur');
INSERT INTO Province (name, country, population, area, capital) VALUES ('JU', 'CH', 69188, 836, 'Delemont');
INSERT INTO Province (name, country, population, area, capital) VALUES ('LU', 'CH', 340536, 1493, 'Luzern');
INSERT INTO Province (name, country, population, area, capital) VALUES ('NE', 'CH', 165258, 803, 'Neuchatel');
INSERT INTO Province (name, country, population, area, capital) VALUES ('NW', 'CH', 36466, 276, 'Stans');
INSERT INTO Province (name, country, population, area, capital) VALUES ('OW', 'CH', 31310, 490, 'Sarnen');
INSERT INTO Province (name, country, population, area, capital) VALUES ('SG', 'CH', 442350, 2025, 'Sankt Gallen');
INSERT INTO Province (name, country, population, area, capital) VALUES ('SH', 'CH', 74035, 298, 'Schaffhausen');
INSERT INTO Province (name, country, population, area, capital) VALUES ('SZ', 'CH', 122409, 908, 'Schwyz');
INSERT INTO Province (name, country, population, area, capital) VALUES ('SO', 'CH', 239264, 790, 'Solothurn');
INSERT INTO Province (name, country, population, area, capital) VALUES ('TG', 'CH', 223372, 990, 'Frauenfeld');
INSERT INTO Province (name, country, population, area, capital) VALUES ('TI', 'CH', 305199, 2812, 'Bellinzona');
INSERT INTO Province (name, country, population, area, capital) VALUES ('UR', 'CH', 35876, 1076, 'Altdorf');
INSERT INTO Province (name, country, population, area, capital) VALUES ('VS', 'CH', 271291, 5224, 'Sion');
INSERT INTO Province (name, country, population, area, capital) VALUES ('VD', 'CH', 605677, 3211, 'Lausanne');
INSERT INTO Province (name, country, population, area, capital) VALUES ('ZG', 'CH', 92392, 238, 'Zug');
INSERT INTO Province (name, country, population, area, capital) VALUES ('ZH', 'CH', 1175457, 1728, 'Zurich');
INSERT INTO Province (name, country, population, area, capital) VALUES ('Warszwaskie', 'PL', 2421000, 3788, 'Warsaw');
INSERT INTO Province (name, country, population, area, capital) VALUES ('Bialskopodlaskie', 'PL', 306700, 5348, 'Biala Podlaska');
INSERT INTO Province (name, country, population, area, capital) VALUES ('Bialostockie', 'PL', 697000, 10055, 'Bialystok');
INSERT INTO Province (name, country, population, area, capital) VALUES ('Bielskie', 'PL', 911500, 3704, 'Bielsko Biala');
INSERT INTO Province (name, country, population, area, capital) VALUES ('Bydgoskie', 'PL', 1120300, 10349, 'Bydgoszcz');
INSERT INTO Province (name, country, population, area, capital) VALUES ('Chelmskie', 'PL', 248500, 3866, 'Chelm');
INSERT INTO Province (name, country, population, area, capital) VALUES ('Ciechanowskie', 'PL', 431400, 6362, 'Ciechanow');
INSERT INTO Province (name, country, population, area, capital) VALUES ('Czestochowskie', 'PL', 748000, 6182, 'Czestochowa');
INSERT INTO Province (name, country, population, area, capital) VALUES ('Elblaskie', 'PL', 483200, 6103, 'Elblag');
INSERT INTO Province (name, country, population, area, capital) VALUES ('Gdanskie', 'PL', 1445000, 7394, 'Gdansk');
INSERT INTO Province (name, country, population, area, capital) VALUES ('Gorzowskie', 'PL', 505600, 8484, 'Gorzow Wielkopolskie');
INSERT INTO Province (name, country, population, area, capital) VALUES ('Jeleniogorskie', 'PL', 519200, 4379, 'Jelenia Gora');
INSERT INTO Province (name, country, population, area, capital) VALUES ('Kaliskie', 'PL', 715600, 6512, 'Kalisz');
INSERT INTO Province (name, country, population, area, capital) VALUES ('Katowickie', 'PL', 4013200, 6650, 'Katowice');
INSERT INTO Province (name, country, population, area, capital) VALUES ('Kieleckie', 'PL', 1127700, 9211, 'Kielce');
INSERT INTO Province (name, country, population, area, capital) VALUES ('Koninskie', 'PL', 472400, 5139, 'Konin');
INSERT INTO Province (name, country, population, area, capital) VALUES ('Koszalinskie', 'PL', 513700, 8470, 'Koszalin');
INSERT INTO Province (name, country, population, area, capital) VALUES ('Krakowskie', 'PL', 1238100, 3254, 'Krakow');
INSERT INTO Province (name, country, population, area, capital) VALUES ('Krosnienskie', 'PL', 500700, 5702, 'Krosno');
INSERT INTO Province (name, country, population, area, capital) VALUES ('Legnickie', 'PL', 521500, 4037, 'Legnica');
INSERT INTO Province (name, country, population, area, capital) VALUES ('Leszczynskie', 'PL', 391500, 4154, 'Leszno');
INSERT INTO Province (name, country, population, area, capital) VALUES ('Lubelskie', 'PL', 1022600, 6792, 'Lublin');
INSERT INTO Province (name, country, population, area, capital) VALUES ('Lomzynskie', 'PL', 349000, 6684, 'Lomza');
INSERT INTO Province (name, country, population, area, capital) VALUES ('Lodzkie', 'PL', 1132400, 1523, 'Lodz');
INSERT INTO Province (name, country, population, area, capital) VALUES ('Nowosadeckie', 'PL', 709500, 5576, 'Nowy Sacz');
INSERT INTO Province (name, country, population, area, capital) VALUES ('Olsztynskie', 'PL', 761300, 12327, 'Olsztyn');
INSERT INTO Province (name, country, population, area, capital) VALUES ('Opolskie', 'PL', 1023800, 8535, 'Opole');
INSERT INTO Province (name, country, population, area, capital) VALUES ('Ostroleckie', 'PL', 400500, 6498, 'Ostroleka');
INSERT INTO Province (name, country, population, area, capital) VALUES ('Pilskie', 'PL', 485700, 8205, 'Pila');
INSERT INTO Province (name, country, population, area, capital) VALUES ('Piotrkowskie', 'PL', 644200, 6266, 'Piotrkow Trybunalski');
INSERT INTO Province (name, country, population, area, capital) VALUES ('Plockie', 'PL', 518600, 5117, 'Plock');
INSERT INTO Province (name, country, population, area, capital) VALUES ('Poznanskie', 'PL', 1344200, 8151, 'Poznan');
INSERT INTO Province (name, country, population, area, capital) VALUES ('Przemyskie', 'PL', 409600, 4437, 'Przemysl');
INSERT INTO Province (name, country, population, area, capital) VALUES ('Radomskie', 'PL', 755500, 7294, 'Radom');
INSERT INTO Province (name, country, population, area, capital) VALUES ('Rzeszowskie', 'PL', 734100, 4397, 'Rzeszow');
INSERT INTO Province (name, country, population, area, capital) VALUES ('Siedleckie', 'PL', 655300, 8499, 'Siedlce');
INSERT INTO Province (name, country, population, area, capital) VALUES ('Sieradzkie', 'PL', 408700, 4869, 'Sieradz');
INSERT INTO Province (name, country, population, area, capital) VALUES ('Skierniewickie', 'PL', 421700, 3960, 'Skierniewice');
INSERT INTO Province (name, country, population, area, capital) VALUES ('Slupskie', 'PL', 419300, 7453, 'Slupsk');
INSERT INTO Province (name, country, population, area, capital) VALUES ('Suwalskie', 'PL', 477100, 10490, 'Suwalki');
INSERT INTO Province (name, country, population, area, capital) VALUES ('Szczecinskie', 'PL', 979500, 9982, 'Szczecin');
INSERT INTO Province (name, country, population, area, capital) VALUES ('Tarnobrzeskie', 'PL', 604300, 6283, 'Tarnobrzeg');
INSERT INTO Province (name, country, population, area, capital) VALUES ('Tarnowskie', 'PL', 678400, 4151, 'Tarnow');
INSERT INTO Province (name, country, population, area, capital) VALUES ('Torunskie', 'PL', 662600, 5348, 'Torun');
INSERT INTO Province (name, country, population, area, capital) VALUES ('Walbrzyskie', 'PL', 740000, 4168, 'Walbrzych');
INSERT INTO Province (name, country, population, area, capital) VALUES ('Wloclawskie', 'PL', 430800, 4402, 'Wloclawek');
INSERT INTO Province (name, country, population, area, capital) VALUES ('Wroclawskie', 'PL', 1132800, 6287, 'Wroclaw');
INSERT INTO Province (name, country, population, area, capital) VALUES ('Zamojskie', 'PL', 490800, 6980, 'Zamosc');
INSERT INTO Province (name, country, population, area, capital) VALUES ('Zielonogorskie', 'PL', 664700, 8868, 'Zielona Gora');
INSERT INTO Province (name, country, population, area, capital) VALUES ('Cherkaska', 'UA', 1530900, 20900, 'Cherkasy');
INSERT INTO Province (name, country, population, area, capital) VALUES ('Chernihivska', 'UA', 938600, 31900, 'Chernihiv');
INSERT INTO Province (name, country, population, area, capital) VALUES ('Chernivetska', 'UA', 1405800, 8100, 'Chernivtsi');
INSERT INTO Province (name, country, population, area, capital) VALUES ('Dnipropetrovska', 'UA', 3908700, 31900, 'Dnipropetrovsk');
INSERT INTO Province (name, country, population, area, capital) VALUES ('Donetska', 'UA', 5346700, 26500, 'Donetsk');
INSERT INTO Province (name, country, population, area, capital) VALUES ('Ivano Frankivska', 'UA', 1442900, 13900, 'Ivano Frankivsk');
INSERT INTO Province (name, country, population, area, capital) VALUES ('Kharkivska', 'UA', 3194800, 31400, 'Kharkiv');
INSERT INTO Province (name, country, population, area, capital) VALUES ('Khersonska', 'UA', 1258700, 28500, 'Kherson');
INSERT INTO Province (name, country, population, area, capital) VALUES ('Khmelnytska', 'UA', 1520600, 20600, 'Khmelnytskyy');
INSERT INTO Province (name, country, population, area, capital) VALUES ('Kyyivska', 'UA', 4589800, 28900, 'Kiev');
INSERT INTO Province (name, country, population, area, capital) VALUES ('Kirovohradska', 'UA', 1245300, 24600, 'Kirovohrad');
INSERT INTO Province (name, country, population, area, capital) VALUES ('Luhanska', 'UA', 2871100, 26700, 'Luhansk');
INSERT INTO Province (name, country, population, area, capital) VALUES ('Lvivska', 'UA', 2764400, 21800, 'Lviv');
INSERT INTO Province (name, country, population, area, capital) VALUES ('Mykolayivska', 'UA', 1342400, 24600, 'Mykolayiv');
INSERT INTO Province (name, country, population, area, capital) VALUES ('Odeska', 'UA', 2635300, 33300, 'Odesa');
INSERT INTO Province (name, country, population, area, capital) VALUES ('Poltavska', 'UA', 1756900, 28800, 'Poltava');
INSERT INTO Province (name, country, population, area, capital) VALUES ('Rivnenska', 'UA', 1176800, 20100, 'Rivne');
INSERT INTO Province (name, country, population, area, capital) VALUES ('Sumska', 'UA', 1430200, 23800, 'Sumy');
INSERT INTO Province (name, country, population, area, capital) VALUES ('Ternopilska', 'UA', 1175100, 13800, 'Ternopil');
INSERT INTO Province (name, country, population, area, capital) VALUES ('Vinnytska', 'UA', 1914400, 26500, 'Vinnytsya');
INSERT INTO Province (name, country, population, area, capital) VALUES ('Volynska', 'UA', 1069000, 20200, 'Lutsk');
INSERT INTO Province (name, country, population, area, capital) VALUES ('Zakarpatska', 'UA', 1265900, 12800, 'Uzhhorod');
INSERT INTO Province (name, country, population, area, capital) VALUES ('Zaporizka', 'UA', 2099600, 27200, 'Zaporizhzhya');
INSERT INTO Province (name, country, population, area, capital) VALUES ('Zhytomyrska', 'UA', 1510700, 29900, 'Zhytomyr');
INSERT INTO Province (name, country, population, area, capital) VALUES ('Krym', 'UA', 2549800, 27000, 'Simferopol');
INSERT INTO Province (name, country, population, area, capital) VALUES ('Rep. of Karelia', 'R', 785000, 172400, 'Petrozavodsk');
INSERT INTO Province (name, country, population, area, capital) VALUES ('Rep. of Komi', 'R', 1185500, 415900, 'Syktyvkar');
INSERT INTO Province (name, country, population, area, capital) VALUES ('Arkhangelskaya oblast', 'R', 1520800, 587400, 'Arkhangelsk');
INSERT INTO Province (name, country, population, area, capital) VALUES ('Vologodskaya oblast', 'R', 1349800, 145700, 'Vologda');
INSERT INTO Province (name, country, population, area, capital) VALUES ('Murmanskaya oblast', 'R', 1048000, 144900, 'Murmansk');
INSERT INTO Province (name, country, population, area, capital) VALUES ('Kaliningradskaya oblast', 'R', 932200, 15100, 'Kaliningrad');
INSERT INTO Province (name, country, population, area, capital) VALUES ('Sankt Peterburg', 'R', 4801500, 0, 'Sankt Peterburg');
INSERT INTO Province (name, country, population, area, capital) VALUES ('Leningradskaya oblast', 'R', 1675900, 85900, 'Sankt Peterburg');
INSERT INTO Province (name, country, population, area, capital) VALUES ('Novgorodskaya oblast', 'R', 742600, 55300, 'Novgorod');
INSERT INTO Province (name, country, population, area, capital) VALUES ('Pskovskaya oblast', 'R', 832300, 55300, 'Pskov');
INSERT INTO Province (name, country, population, area, capital) VALUES ('Bryanskaya oblast', 'R', 1479700, 34900, 'Bryansk');
INSERT INTO Province (name, country, population, area, capital) VALUES ('Vladimirskaya oblast', 'R', 1644700, 29000, 'Vladimir');
INSERT INTO Province (name, country, population, area, capital) VALUES ('Ivanovskaya oblast', 'R', 1266400, 23900, 'Ivanovo');
INSERT INTO Province (name, country, population, area, capital) VALUES ('Kaluzhskaya oblast', 'R', 1097300, 29900, 'Kaluga');
INSERT INTO Province (name, country, population, area, capital) VALUES ('Kostromskaya oblast', 'R', 805700, 60100, 'Kostroma');
INSERT INTO Province (name, country, population, area, capital) VALUES ('Moskva', 'R', 8664400, 0, 'Moscow');
INSERT INTO Province (name, country, population, area, capital) VALUES ('Moskovskaya oblast', 'R', 6596600, 47000, 'Moscow');
INSERT INTO Province (name, country, population, area, capital) VALUES ('Orjolskaya oblast', 'R', 914000, 24700, 'Orel');
INSERT INTO Province (name, country, population, area, capital) VALUES ('Ryazanskaya oblast', 'R', 1325300, 39600, 'Ryazan');
INSERT INTO Province (name, country, population, area, capital) VALUES ('Smolenskaya oblast', 'R', 1172400, 49800, 'Smolensk');
INSERT INTO Province (name, country, population, area, capital) VALUES ('Tverskaya oblast', 'R', 1650600, 84100, 'Tver');
INSERT INTO Province (name, country, population, area, capital) VALUES ('Tulskaya oblast', 'R', 1814500, 25700, 'Tula');
INSERT INTO Province (name, country, population, area, capital) VALUES ('Yaroslavskaya oblast', 'R', 1451400, 36400, 'Yaroslavl');
INSERT INTO Province (name, country, population, area, capital) VALUES ('Rep. of Mariy El', 'R', 766300, 23200, 'Yoshkar Ola');
INSERT INTO Province (name, country, population, area, capital) VALUES ('Rep. of Mordovia', 'R', 955800, 26200, 'Saransk');
INSERT INTO Province (name, country, population, area, capital) VALUES ('Chuvash Republic', 'R', 1360800, 18300, 'Cheboksary');
INSERT INTO Province (name, country, population, area, capital) VALUES ('Kirovskaya oblast', 'R', 1634500, 120800, 'Kirov');
INSERT INTO Province (name, country, population, area, capital) VALUES ('Nizhegorodskaya oblast', 'R', 3726400, 74800, 'Nizhniy Novgorod');
INSERT INTO Province (name, country, population, area, capital) VALUES ('Belgorodskaya oblast', 'R', 1469100, 27100, 'Belgorod');
INSERT INTO Province (name, country, population, area, capital) VALUES ('Voronezhskaya oblast', 'R', 2503800, 52400, 'Voronezh');
INSERT INTO Province (name, country, population, area, capital) VALUES ('Kurskaya oblast', 'R', 1346900, 29800, 'Kursk');
INSERT INTO Province (name, country, population, area, capital) VALUES ('Lipetskaya oblast', 'R', 1250200, 24100, 'Lipetsk');
INSERT INTO Province (name, country, population, area, capital) VALUES ('Tambovskaya oblast', 'R', 1310600, 34300, 'Tambov');
INSERT INTO Province (name, country, population, area, capital) VALUES ('Rep. of Kalmykiya', 'R', 318500, 76100, 'Elista');
INSERT INTO Province (name, country, population, area, capital) VALUES ('Rep. of Tatarstan', 'R', 3760500, 68000, 'Kazan');
INSERT INTO Province (name, country, population, area, capital) VALUES ('Astrakhanskaya oblast', 'R', 1028900, 44100, 'Astrakhan');
INSERT INTO Province (name, country, population, area, capital) VALUES ('Volgogradskaya oblast', 'R', 2703700, 113900, 'Volgograd');
INSERT INTO Province (name, country, population, area, capital) VALUES ('Penzenskaya oblast', 'R', 1562300, 43200, 'Penza');
INSERT INTO Province (name, country, population, area, capital) VALUES ('Samarskaya oblast', 'R', 3311500, 53600, 'Samara');
INSERT INTO Province (name, country, population, area, capital) VALUES ('Saratovskaya oblast', 'R', 2739500, 100200, 'Saratov');
INSERT INTO Province (name, country, population, area, capital) VALUES ('Ulyanovskaya oblast', 'R', 1495200, 37300, 'Simbirsk');
INSERT INTO Province (name, country, population, area, capital) VALUES ('Rostovskaya oblast', 'R', 4426400, 100800, 'Rostov no Donu');
INSERT INTO Province (name, country, population, area, capital) VALUES ('Rep. of Bashkortostan', 'R', 4096600, 143600, 'Ufa');
INSERT INTO Province (name, country, population, area, capital) VALUES ('Udmurt Republic', 'R', 1639100, 42100, 'Izhevsk');
INSERT INTO Province (name, country, population, area, capital) VALUES ('Orenburgskaya oblast', 'R', 2228600, 124000, 'Orenburg');
INSERT INTO Province (name, country, population, area, capital) VALUES ('Permskaya oblast', 'R', 3009400, 160600, 'Perm');
INSERT INTO Province (name, country, population, area, capital) VALUES ('Rep. of Adygeya', 'R', 450500, 7600, 'Maykop');
INSERT INTO Province (name, country, population, area, capital) VALUES ('Rep. of Dagestan', 'R', 2097500, 50300, 'Makhachkala');
INSERT INTO Province (name, country, population, area, capital) VALUES ('Rep. of Ingushetiya', 'R', 299700, 3750, 'Nazran');
INSERT INTO Province (name, country, population, area, capital) VALUES ('Kabardino Balkar Rep.', 'R', 789900, 12500, 'Nalchik');
INSERT INTO Province (name, country, population, area, capital) VALUES ('Karachayevo Cherkessk Rep.', 'R', 436300, 14100, 'Cherkessk');
INSERT INTO Province (name, country, population, area, capital) VALUES ('Rep. of North Ossetiya', 'R', 662600, 8000, 'Vladikavkaz');
INSERT INTO Province (name, country, population, area, capital) VALUES ('Chechen Rep.', 'R', 865100, 12300, 'Grozny');
INSERT INTO Province (name, country, population, area, capital) VALUES ('Krasnodarsky kray', 'R', 5043900, 76000, 'Krasnodar');
INSERT INTO Province (name, country, population, area, capital) VALUES ('Stavropolsky kray', 'R', 2667000, 66500, 'Stavropol');
INSERT INTO Province (name, country, population, area, capital) VALUES ('Kurganskaya oblast', 'R', 1112200, 71000, 'Kurgan');
INSERT INTO Province (name, country, population, area, capital) VALUES ('Sverdlovskaya oblast', 'R', 4686300, 194300, 'Yekaterinburg');
INSERT INTO Province (name, country, population, area, capital) VALUES ('Chelyabinskaya oblast', 'R', 3688700, 87900, 'Chelyabinsk');
INSERT INTO Province (name, country, population, area, capital) VALUES ('Rep. of Altay', 'R', 201600, 92600, 'Gorno Altaysk');
INSERT INTO Province (name, country, population, area, capital) VALUES ('Altayskiy kray', 'R', 2690100, 169100, 'Barnaul');
INSERT INTO Province (name, country, population, area, capital) VALUES ('Kemerovskaya oblast', 'R', 3063500, 95500, 'Kemerovo');
INSERT INTO Province (name, country, population, area, capital) VALUES ('Novosibirskaya oblast', 'R', 2748600, 178200, 'Novosibirsk');
INSERT INTO Province (name, country, population, area, capital) VALUES ('Omskaya oblast', 'R', 2176400, 139700, 'Omsk');
INSERT INTO Province (name, country, population, area, capital) VALUES ('Tomskaya oblast', 'R', 1077600, 316900, 'Tomsk');
INSERT INTO Province (name, country, population, area, capital) VALUES ('Tyumenskaya oblast', 'R', 3169900, 1435200, 'Tyumen');
INSERT INTO Province (name, country, population, area, capital) VALUES ('Rep. of Buryatiya', 'R', 1052500, 351300, 'Ulan Ude');
INSERT INTO Province (name, country, population, area, capital) VALUES ('Rep. of Tyva', 'R', 309700, 170500, 'Kyzyl');
INSERT INTO Province (name, country, population, area, capital) VALUES ('Rep. of Khakassiya', 'R', 585800, 61900, 'Abakan');
INSERT INTO Province (name, country, population, area, capital) VALUES ('Krasnoyarskiy kray', 'R', 3105900, 2339700, 'Krasnoyarsk');
INSERT INTO Province (name, country, population, area, capital) VALUES ('Irkutskaya oblast', 'R', 2795200, 767900, 'Irkutsk');
INSERT INTO Province (name, country, population, area, capital) VALUES ('Chitinskaya oblast', 'R', 1295000, 431500, 'Chita');
INSERT INTO Province (name, country, population, area, capital) VALUES ('Rep. of Sakha', 'R', 1022800, 3103200, 'Yakutsk');
INSERT INTO Province (name, country, population, area, capital) VALUES ('Yevreyskaya avt. oblast', 'R', 209900, 36000, 'Birobidzhan');
INSERT INTO Province (name, country, population, area, capital) VALUES ('Chukotsky ao', 'R', 90500, 737700, 'Anadyr');
INSERT INTO Province (name, country, population, area, capital) VALUES ('Primorsky kray', 'R', 2255400, 165900, 'Vladivostok');
INSERT INTO Province (name, country, population, area, capital) VALUES ('Khabarovskiy kray', 'R', 1571200, 752600, 'Khabarovsk');
INSERT INTO Province (name, country, population, area, capital) VALUES ('Amurskaya oblast', 'R', 1037800, 363700, 'Blagoveshchensk');
INSERT INTO Province (name, country, population, area, capital) VALUES ('Kamchatskaya oblast', 'R', 411100, 472300, 'Petropavlovsk Kamchatsky');
INSERT INTO Province (name, country, population, area, capital) VALUES ('Magadanskaya oblast', 'R', 258200, 461400, 'Magadan');
INSERT INTO Province (name, country, population, area, capital) VALUES ('Sakhalinskaya oblast', 'R', 647800, 87100, 'Yuzhno Sakhalinsk');
INSERT INTO Province (name, country, population, area, capital) VALUES ('Antwerp', 'B', 1610695, 2867, 'Antwerp');
INSERT INTO Province (name, country, population, area, capital) VALUES ('Brabant', 'B', 2253794, 3358, 'Brussels');
INSERT INTO Province (name, country, population, area, capital) VALUES ('East Flanders', 'B', 1340056, 2982, 'Ghent');
INSERT INTO Province (name, country, population, area, capital) VALUES ('Hainaut', 'B', 1283252, 3787, 'Mons');
INSERT INTO Province (name, country, population, area, capital) VALUES ('Liege', 'B', 1006081, 3862, 'Liege');
INSERT INTO Province (name, country, population, area, capital) VALUES ('Limburg', 'B', 755593, 2422, 'Hasselt');
INSERT INTO Province (name, country, population, area, capital) VALUES ('Luxembourg', 'B', 234664, 4441, 'Arlon');
INSERT INTO Province (name, country, population, area, capital) VALUES ('Namur', 'B', 426305, 3665, 'Namur');
INSERT INTO Province (name, country, population, area, capital) VALUES ('West Flanders', 'B', 1111557, 3134, 'Brugge');
INSERT INTO Province (name, country, population, area, capital) VALUES ('Groningen', 'NL', 557995, 2344, 'Groningen');
INSERT INTO Province (name, country, population, area, capital) VALUES ('Friesland', 'NL', 609579, 3361, 'Leeuwarden');
INSERT INTO Province (name, country, population, area, capital) VALUES ('Drenthe', 'NL', 454864, 2652, 'Assen');
INSERT INTO Province (name, country, population, area, capital) VALUES ('Overijssel', 'NL', 1050389, 3337, 'Zwolle');
INSERT INTO Province (name, country, population, area, capital) VALUES ('Flevoland', 'NL', 262325, 1425, 'Lelystad');
INSERT INTO Province (name, country, population, area, capital) VALUES ('Gelderland', 'NL', 1864732, 4995, 'Arnhem');
INSERT INTO Province (name, country, population, area, capital) VALUES ('Utrecht', 'NL', 1063460, 1356, 'Utrecht');
INSERT INTO Province (name, country, population, area, capital) VALUES ('Noord Holland', 'NL', 2463611, 265978, 'Haarlem');
INSERT INTO Province (name, country, population, area, capital) VALUES ('Zuid Holland', 'NL', 3325064, 2859, 's Gravenhage');
INSERT INTO Province (name, country, population, area, capital) VALUES ('Zeeland', 'NL', 365846, 1791, 'Middelburg');
INSERT INTO Province (name, country, population, area, capital) VALUES ('Noord Brabant', 'NL', 2276207, 4938, 's Hertogenbosch');
INSERT INTO Province (name, country, population, area, capital) VALUES ('Limburg', 'NL', 1130050, 2167, 'Maastricht');
INSERT INTO Province (name, country, population, area, capital) VALUES ('Alba', 'RO', 428000, 6231, 'Alba Iulia');
INSERT INTO Province (name, country, population, area, capital) VALUES ('Arad', 'RO', 507000, 7652, 'Arad');
INSERT INTO Province (name, country, population, area, capital) VALUES ('Arges', 'RO', 678000, 6801, 'Pitesti');
INSERT INTO Province (name, country, population, area, capital) VALUES ('Bacau', 'RO', 731000, 6606, 'Bacau');
INSERT INTO Province (name, country, population, area, capital) VALUES ('Bihor', 'RO', 660000, 7535, 'Oradea');
INSERT INTO Province (name, country, population, area, capital) VALUES ('Bistrita Nasaud', 'RO', 328000, 5305, 'Bistrita');
INSERT INTO Province (name, country, population, area, capital) VALUES ('Botosani', 'RO', 468000, 4965, 'Botosani');
INSERT INTO Province (name, country, population, area, capital) VALUES ('Braila', 'RO', 404000, 4724, 'Braila');
INSERT INTO Province (name, country, population, area, capital) VALUES ('Brasov', 'RO', 695000, 5351, 'Brasov');
INSERT INTO Province (name, country, population, area, capital) VALUES ('Bucuresti', 'RO', 2319000, 1521, 'Bucharest');
INSERT INTO Province (name, country, population, area, capital) VALUES ('Buzau', 'RO', 524000, 6072, 'Buzau');
INSERT INTO Province (name, country, population, area, capital) VALUES ('Calarasi', 'RO', 351000, 5075, 'Calarasi');
INSERT INTO Province (name, country, population, area, capital) VALUES ('Caras Severin', 'RO', 408000, 8503, 'Resita');
INSERT INTO Province (name, country, population, area, capital) VALUES ('Cluj', 'RO', 743000, 6650, 'Cluj Napoca');
INSERT INTO Province (name, country, population, area, capital) VALUES ('Constanta', 'RO', 737000, 7055, 'Constanta');
INSERT INTO Province (name, country, population, area, capital) VALUES ('Covasna', 'RO', 238000, 3705, 'Sfintu Gheorghe');
INSERT INTO Province (name, country, population, area, capital) VALUES ('Dimbovita', 'RO', 570000, 4035, 'Tirgoviste');
INSERT INTO Province (name, country, population, area, capital) VALUES ('Dolj', 'RO', 772000, 7413, 'Craiova');
INSERT INTO Province (name, country, population, area, capital) VALUES ('Galati', 'RO', 642000, 4425, 'Galati');
INSERT INTO Province (name, country, population, area, capital) VALUES ('Giurgiu', 'RO', 325000, 3810, 'Giurgiu');
INSERT INTO Province (name, country, population, area, capital) VALUES ('Gorj', 'RO', 388000, 5641, 'Tirgu Jiu');
INSERT INTO Province (name, country, population, area, capital) VALUES ('Harghita', 'RO', 363000, 6610, 'Miercurea Ciuc');
INSERT INTO Province (name, country, population, area, capital) VALUES ('Hunedoara', 'RO', 567000, 7016, 'Deva');
INSERT INTO Province (name, country, population, area, capital) VALUES ('Ialomita', 'RO', 309000, 4449, 'Slobozia');
INSERT INTO Province (name, country, population, area, capital) VALUES ('Iasi', 'RO', 810000, 5469, 'Iasi');
INSERT INTO Province (name, country, population, area, capital) VALUES ('Maramures', 'RO', 556000, 6215, 'Baia Mare');
INSERT INTO Province (name, country, population, area, capital) VALUES ('Mehedinti', 'RO', 329000, 4900, 'Drobeta Turnu Severin');
INSERT INTO Province (name, country, population, area, capital) VALUES ('Mures', 'RO', 621000, 6696, 'Tirgu Mures');
INSERT INTO Province (name, country, population, area, capital) VALUES ('Neamt', 'RO', 580000, 5890, 'Piatra Neamt');
INSERT INTO Province (name, country, population, area, capital) VALUES ('Olt', 'RO', 535000, 5507, 'Slatina');
INSERT INTO Province (name, country, population, area, capital) VALUES ('Prahova', 'RO', 877000, 4694, 'Ploiesti');
INSERT INTO Province (name, country, population, area, capital) VALUES ('Salaj', 'RO', 269000, 3850, 'Zalau');
INSERT INTO Province (name, country, population, area, capital) VALUES ('Satu Mare', 'RO', 417000, 4405, 'Satu Mare');
INSERT INTO Province (name, country, population, area, capital) VALUES ('Sibiu', 'RO', 509000, 5422, 'Sibiu');
INSERT INTO Province (name, country, population, area, capital) VALUES ('Suceava', 'RO', 699000, 8555, 'Suceava');
INSERT INTO Province (name, country, population, area, capital) VALUES ('Teleorman', 'RO', 504000, 5760, 'Alexandria');
INSERT INTO Province (name, country, population, area, capital) VALUES ('Timis', 'RO', 726000, 8692, 'Timisoara');
INSERT INTO Province (name, country, population, area, capital) VALUES ('Tulcea', 'RO', 275000, 8430, 'Tulcea');
INSERT INTO Province (name, country, population, area, capital) VALUES ('Vaslui', 'RO', 468000, 5297, 'Vaslui');
INSERT INTO Province (name, country, population, area, capital) VALUES ('Vilcea', 'RO', 430000, 5705, 'Rimnicu Vilcea');
INSERT INTO Province (name, country, population, area, capital) VALUES ('Vrancea', 'RO', 394000, 4863, 'Focsani');
INSERT INTO Province (name, country, population, area, capital) VALUES ('Adana', 'TR', 1934907, 17253, 'Adana');
INSERT INTO Province (name, country, population, area, capital) VALUES ('Adiyaman', 'TR', 513131, 7614, 'Adiyaman');
INSERT INTO Province (name, country, population, area, capital) VALUES ('Afyon', 'TR', 739223, 14230, 'Afyon');
INSERT INTO Province (name, country, population, area, capital) VALUES ('Agri', 'TR', 437093, 11376, 'Agri');
INSERT INTO Province (name, country, population, area, capital) VALUES ('Aksaray', 'TR', 326399, 7626, 'Aksaray');
INSERT INTO Province (name, country, population, area, capital) VALUES ('Amasya', 'TR', 357191, 5520, 'Amasya');
INSERT INTO Province (name, country, population, area, capital) VALUES ('Ankara', 'TR', 3236626, 25706, 'Ankara');
INSERT INTO Province (name, country, population, area, capital) VALUES ('Antalya', 'TR', 1132211, 20591, 'Antalya');
INSERT INTO Province (name, country, population, area, capital) VALUES ('Artvin', 'TR', 212833, 7436, 'Artvin');
INSERT INTO Province (name, country, population, area, capital) VALUES ('Aydin', 'TR', 824816, 8007, 'Aydin');
INSERT INTO Province (name, country, population, area, capital) VALUES ('Balikesir', 'TR', 973314, 14292, 'Balikesir');
INSERT INTO Province (name, country, population, area, capital) VALUES ('Batman', 'TR', 344669, 4694, 'Batman');
INSERT INTO Province (name, country, population, area, capital) VALUES ('Bayburt', 'TR', 107330, 3652, 'Bayburt');
INSERT INTO Province (name, country, population, area, capital) VALUES ('Bilecik', 'TR', 175526, 4307, 'Bilecik');
INSERT INTO Province (name, country, population, area, capital) VALUES ('Bingol', 'TR', 250966, 8125, 'Bingol');
INSERT INTO Province (name, country, population, area, capital) VALUES ('Bitlis', 'TR', 330115, 6707, 'Bitlis');
INSERT INTO Province (name, country, population, area, capital) VALUES ('Bolu', 'TR', 536869, 11051, 'Bolu');
INSERT INTO Province (name, country, population, area, capital) VALUES ('Burdur', 'TR', 254899, 6887, 'Burdur');
INSERT INTO Province (name, country, population, area, capital) VALUES ('Bursa', 'TR', 1603137, 11043, 'Bursa');
INSERT INTO Province (name, country, population, area, capital) VALUES ('Canakkale', 'TR', 432263, 9737, 'Canakkale');
INSERT INTO Province (name, country, population, area, capital) VALUES ('Cankiri', 'TR', 279129, 8454, 'Cankiri');
INSERT INTO Province (name, country, population, area, capital) VALUES ('Corum', 'TR', 609863, 12820, 'Corum');
INSERT INTO Province (name, country, population, area, capital) VALUES ('Denizli', 'TR', 750882, 11868, 'Denizli');
INSERT INTO Province (name, country, population, area, capital) VALUES ('Diyarbakir', 'TR', 1094996, 15355, 'Diyarbakir');
INSERT INTO Province (name, country, population, area, capital) VALUES ('Edirne', 'TR', 404599, 6276, 'Edirne');
INSERT INTO Province (name, country, population, area, capital) VALUES ('Elazig', 'TR', 498225, 9153, 'Elazig');
INSERT INTO Province (name, country, population, area, capital) VALUES ('Erzincan', 'TR', 299251, 11903, 'Erzincan');
INSERT INTO Province (name, country, population, area, capital) VALUES ('Erzurum', 'TR', 848201, 25066, 'Erzurum');
INSERT INTO Province (name, country, population, area, capital) VALUES ('Eskisehir', 'TR', 641057, 13652, 'Eskisehir');
INSERT INTO Province (name, country, population, area, capital) VALUES ('Gaziantep', 'TR', 1140594, 7642, 'Gaziantep');
INSERT INTO Province (name, country, population, area, capital) VALUES ('Giresun', 'TR', 499087, 6934, 'Giresun');
INSERT INTO Province (name, country, population, area, capital) VALUES ('Gumushane', 'TR', 169375, 6575, 'Gumushane');
INSERT INTO Province (name, country, population, area, capital) VALUES ('Hakkari', 'TR', 172479, 7121, 'Hakkari');
INSERT INTO Province (name, country, population, area, capital) VALUES ('Hatay', 'TR', 1109754, 5403, 'Antakya');
INSERT INTO Province (name, country, population, area, capital) VALUES ('Icel', 'TR', 1266995, 15853, 'Mersin');
INSERT INTO Province (name, country, population, area, capital) VALUES ('Isparta', 'TR', 434771, 8933, 'Isparta');
INSERT INTO Province (name, country, population, area, capital) VALUES ('Istanbul', 'TR', 7309190, 5712, 'Istanbul');
INSERT INTO Province (name, country, population, area, capital) VALUES ('Izmir', 'TR', 2694770, 11973, 'Izmir');
INSERT INTO Province (name, country, population, area, capital) VALUES ('Karaman', 'TR', 217536, 9163, 'Karaman');
INSERT INTO Province (name, country, population, area, capital) VALUES ('Karamanmaras', 'TR', 892952, 14327, 'Karaman Maras');
INSERT INTO Province (name, country, population, area, capital) VALUES ('Kars', 'TR', 662155, 18557, 'Kars');
INSERT INTO Province (name, country, population, area, capital) VALUES ('Kastamonu', 'TR', 423611, 13108, 'Kastamonu');
INSERT INTO Province (name, country, population, area, capital) VALUES ('Kayseri', 'TR', 943484, 16917, 'Kayseri');
INSERT INTO Province (name, country, population, area, capital) VALUES ('Kirikkale', 'TR', 349396, 4365, 'Kirikkale');
INSERT INTO Province (name, country, population, area, capital) VALUES ('Kirklareli', 'TR', 309512, 6550, 'Kirklareli');
INSERT INTO Province (name, country, population, area, capital) VALUES ('Kirsehir', 'TR', 256862, 6570, 'Kirsehir');
INSERT INTO Province (name, country, population, area, capital) VALUES ('Kocaeli', 'TR', 936163, 3626, 'Izmit');
INSERT INTO Province (name, country, population, area, capital) VALUES ('Konya', 'TR', 1750303, 38257, 'Konya');
INSERT INTO Province (name, country, population, area, capital) VALUES ('Kutahya', 'TR', 578020, 11875, 'Kutahya');
INSERT INTO Province (name, country, population, area, capital) VALUES ('Malatya', 'TR', 702055, 12313, 'Malatya');
INSERT INTO Province (name, country, population, area, capital) VALUES ('Manisa', 'TR', 1154418, 13810, 'Manisa');
INSERT INTO Province (name, country, population, area, capital) VALUES ('Mardin', 'TR', 557727, 8891, 'Mardin');
INSERT INTO Province (name, country, population, area, capital) VALUES ('Mugla', 'TR', 562809, 13338, 'Mugla');
INSERT INTO Province (name, country, population, area, capital) VALUES ('Mus', 'TR', 376543, 8196, 'Mus');
INSERT INTO Province (name, country, population, area, capital) VALUES ('Nevsehir', 'TR', 289509, 5467, 'Nevsehir');
INSERT INTO Province (name, country, population, area, capital) VALUES ('Nigde', 'TR', 305861, 7312, 'Nigde');
INSERT INTO Province (name, country, population, area, capital) VALUES ('Ordu', 'TR', 830105, 6001, 'Ordu');
INSERT INTO Province (name, country, population, area, capital) VALUES ('Rize', 'TR', 348776, 3920, 'Rize');
INSERT INTO Province (name, country, population, area, capital) VALUES ('Sakarya', 'TR', 683061, 4817, 'Sakarya');
INSERT INTO Province (name, country, population, area, capital) VALUES ('Samsun', 'TR', 1158400, 9579, 'Samsun');
INSERT INTO Province (name, country, population, area, capital) VALUES ('Sanliurfa', 'TR', 1001455, 18584, 'Urfa');
INSERT INTO Province (name, country, population, area, capital) VALUES ('Siirt', 'TR', 243435, 5406, 'Siirt');
INSERT INTO Province (name, country, population, area, capital) VALUES ('Sinop', 'TR', 265153, 5862, 'Sinop');
INSERT INTO Province (name, country, population, area, capital) VALUES ('Sirnak', 'TR', 262006, 7172, 'Sirnak');
INSERT INTO Province (name, country, population, area, capital) VALUES ('Sivas', 'TR', 767481, 28488, 'Sivas');
INSERT INTO Province (name, country, population, area, capital) VALUES ('Tekirdag', 'TR', 468842, 6218, 'Tekirdag');
INSERT INTO Province (name, country, population, area, capital) VALUES ('Tokat', 'TR', 719251, 9958, 'Tokat');
INSERT INTO Province (name, country, population, area, capital) VALUES ('Trabzon', 'TR', 795849, 4685, 'Trabzon');
INSERT INTO Province (name, country, population, area, capital) VALUES ('Tunceli', 'TR', 133143, 7774, 'Tunceli');
INSERT INTO Province (name, country, population, area, capital) VALUES ('Usak', 'TR', 290283, 5341, 'Usak');
INSERT INTO Province (name, country, population, area, capital) VALUES ('Van', 'TR', 637433, 19069, 'Van');
INSERT INTO Province (name, country, population, area, capital) VALUES ('Yozgat', 'TR', 579150, 14123, 'Yozgat');
INSERT INTO Province (name, country, population, area, capital) VALUES ('Zonguldak', 'TR', 1073560, 8629, 'Zonguldak');
INSERT INTO Province (name, country, population, area, capital) VALUES ('Alvsborg', 'S', 444259, 11395, 'Vanersborg');
INSERT INTO Province (name, country, population, area, capital) VALUES ('Blekinge', 'S', 151168, 2941, 'Karlskrona');
INSERT INTO Province (name, country, population, area, capital) VALUES ('Gavleborg', 'S', 289339, 18191, 'Gavle');
INSERT INTO Province (name, country, population, area, capital) VALUES ('Goteborg och Bohus', 'S', 742550, 5141, 'Goteborg');
INSERT INTO Province (name, country, population, area, capital) VALUES ('Gotland', 'S', 57383, 3140, 'Visby');
INSERT INTO Province (name, country, population, area, capital) VALUES ('Halland', 'S', 257874, 5454, 'Halmstad');
INSERT INTO Province (name, country, population, area, capital) VALUES ('Jamtland', 'S', 136009, 49443, 'Ostersund');
INSERT INTO Province (name, country, population, area, capital) VALUES ('Jonkoping', 'S', 309738, 9944, 'Jonkoping');
INSERT INTO Province (name, country, population, area, capital) VALUES ('Kalmar', 'S', 241883, 11170, 'Kalmar');
INSERT INTO Province (name, country, population, area, capital) VALUES ('Dalarna', 'S', 290388, 28194, 'Falun');
INSERT INTO Province (name, country, population, area, capital) VALUES ('Kristianstad', 'S', 291468, 6087, 'Kristianstad');
INSERT INTO Province (name, country, population, area, capital) VALUES ('Kronoberg', 'S', 178612, 8458, 'Vaxjo');
INSERT INTO Province (name, country, population, area, capital) VALUES ('Malmohus', 'S', 786757, 4938, 'Malmo');
INSERT INTO Province (name, country, population, area, capital) VALUES ('Norrbotten', 'S', 264834, 98913, 'Lulea');
INSERT INTO Province (name, country, population, area, capital) VALUES ('Orebro', 'S', 273608, 8519, 'Orebro');
INSERT INTO Province (name, country, population, area, capital) VALUES ('Ostergotland', 'S', 406100, 10562, 'Linkoping');
INSERT INTO Province (name, country, population, area, capital) VALUES ('Skaraborg', 'S', 278162, 7937, 'Mariestad');
INSERT INTO Province (name, country, population, area, capital) VALUES ('Sodermanland', 'S', 256818, 6060, 'Nykoping');
INSERT INTO Province (name, country, population, area, capital) VALUES ('Stockholm', 'S', 1654511, 6488, 'Stockholm');
INSERT INTO Province (name, country, population, area, capital) VALUES ('Uppsala', 'S', 273918, 6989, 'Uppsala');
INSERT INTO Province (name, country, population, area, capital) VALUES ('Varmland', 'S', 284187, 17584, 'Karlstad');
INSERT INTO Province (name, country, population, area, capital) VALUES ('Vasterbotten', 'S', 253835, 55401, 'Umea');
INSERT INTO Province (name, country, population, area, capital) VALUES ('Vasternorrland', 'S', 261280, 21678, 'Harnosand');
INSERT INTO Province (name, country, population, area, capital) VALUES ('Vastmanland', 'S', 259438, 6302, 'Vasteras');
INSERT INTO Province (name, country, population, area, capital) VALUES ('Aveiro', 'P', 656000, 2808, 'Aveiro');
INSERT INTO Province (name, country, population, area, capital) VALUES ('Beja', 'P', 167900, 10225, 'Beja');
INSERT INTO Province (name, country, population, area, capital) VALUES ('Braga', 'P', 746100, 2673, 'Braga');
INSERT INTO Province (name, country, population, area, capital) VALUES ('Braganca', 'P', 158300, 6608, 'Braganca');
INSERT INTO Province (name, country, population, area, capital) VALUES ('Castelo Branco', 'P', 214700, 6675, 'Castelo Branco');
INSERT INTO Province (name, country, population, area, capital) VALUES ('Coimbra', 'P', 427600, 3947, 'Coimbra');
INSERT INTO Province (name, country, population, area, capital) VALUES ('Evora', 'P', 173500, 7393, 'Evora');
INSERT INTO Province (name, country, population, area, capital) VALUES ('Algarve', 'P', 340100, 4960, 'Faro');
INSERT INTO Province (name, country, population, area, capital) VALUES ('Guarda', 'P', 187800, 5518, 'Guarda');
INSERT INTO Province (name, country, population, area, capital) VALUES ('Leiria', 'P', 427800, 3515, 'Leiria');
INSERT INTO Province (name, country, population, area, capital) VALUES ('Lisbon', 'P', 2063800, 2761, 'Lisbon');
INSERT INTO Province (name, country, population, area, capital) VALUES ('Portalegre', 'P', 134300, 6065, 'Portalegre');
INSERT INTO Province (name, country, population, area, capital) VALUES ('Porto', 'P', 1622300, 2395, 'Porto');
INSERT INTO Province (name, country, population, area, capital) VALUES ('Santarem', 'P', 442700, 6747, 'Santarem');
INSERT INTO Province (name, country, population, area, capital) VALUES ('Setubal', 'P', 713700, 5064, 'Setubal');
INSERT INTO Province (name, country, population, area, capital) VALUES ('Viana do Castelo', 'P', 248700, 2255, 'Viana do Castelo');
INSERT INTO Province (name, country, population, area, capital) VALUES ('Vila Real', 'P', 237100, 4328, 'Vila Real');
INSERT INTO Province (name, country, population, area, capital) VALUES ('Viseu', 'P', 401000, 5007, 'Viseu');
INSERT INTO Province (name, country, population, area, capital) VALUES ('Azores', 'P', 236700, 2247, 'Ponta Delgada');
INSERT INTO Province (name, country, population, area, capital) VALUES ('Madeira', 'P', 253000, 794, 'Funchal');
INSERT INTO Province (name, country, population, area, capital) VALUES ('Avon', 'GB', 962000, 1346, 'Bristol');
INSERT INTO Province (name, country, population, area, capital) VALUES ('Bedfordshire', 'GB', 534300, 1235, 'Bedford');
INSERT INTO Province (name, country, population, area, capital) VALUES ('Berkshire', 'GB', 752500, 1259, 'Reading');
INSERT INTO Province (name, country, population, area, capital) VALUES ('Buckinghamshire', 'GB', 640200, 1883, 'Aylesbury');
INSERT INTO Province (name, country, population, area, capital) VALUES ('Cambridgeshire', 'GB', 669900, 3409, 'Cambridge');
INSERT INTO Province (name, country, population, area, capital) VALUES ('Cheshire', 'GB', 966500, 2329, 'Chester');
INSERT INTO Province (name, country, population, area, capital) VALUES ('Cleveland', 'GB', 557500, 583, 'Middlesbrough');
INSERT INTO Province (name, country, population, area, capital) VALUES ('Cornwall', 'GB', 475200, 3564, 'Truro');
INSERT INTO Province (name, country, population, area, capital) VALUES ('Cumbria', 'GB', 489700, 6810, 'Carlisle');
INSERT INTO Province (name, country, population, area, capital) VALUES ('Derbyshire', 'GB', 938800, 2631, 'Matlock');
INSERT INTO Province (name, country, population, area, capital) VALUES ('Devon', 'GB', 1040000, 6711, 'Exeter');
INSERT INTO Province (name, country, population, area, capital) VALUES ('Dorset', 'GB', 662900, 2654, 'Dorchester');
INSERT INTO Province (name, country, population, area, capital) VALUES ('Durham', 'GB', 604300, 2436, 'Durham');
INSERT INTO Province (name, country, population, area, capital) VALUES ('East Sussex', 'GB', 716500, 1795, 'Lewes');
INSERT INTO Province (name, country, population, area, capital) VALUES ('Essex', 'GB', 1548800, 3672, 'Chelmsford');
INSERT INTO Province (name, country, population, area, capital) VALUES ('Gloucestershire', 'GB', 538800, 2643, 'Gloucester');
INSERT INTO Province (name, country, population, area, capital) VALUES ('Greater London', 'GB', 6803100, 1579, 'London');
INSERT INTO Province (name, country, population, area, capital) VALUES ('Greater Manchester', 'GB', 2561600, 1287, 'Manchester');
INSERT INTO Province (name, country, population, area, capital) VALUES ('Hampshire', 'GB', 1578700, 3777, 'Winchester');
INSERT INTO Province (name, country, population, area, capital) VALUES ('Hereford and Worcester', 'GB', 696000, 3927, 'Worcester');
INSERT INTO Province (name, country, population, area, capital) VALUES ('Hertfordshire', 'GB', 989500, 1634, 'Hertford');
INSERT INTO Province (name, country, population, area, capital) VALUES ('Humberside', 'GB', 874400, 3512, 'Hull');
INSERT INTO Province (name, country, population, area, capital) VALUES ('Isle of Wight', 'GB', 126600, 381, 'Newport');
INSERT INTO Province (name, country, population, area, capital) VALUES ('Kent', 'GB', 1538800, 3731, 'Maidstone');
INSERT INTO Province (name, country, population, area, capital) VALUES ('Lancashire', 'GB', 1408300, 3064, 'Preston');
INSERT INTO Province (name, country, population, area, capital) VALUES ('Leicestershire', 'GB', 890800, 2553, 'Leichester');
INSERT INTO Province (name, country, population, area, capital) VALUES ('Lincolnshire', 'GB', 592600, 5915, 'Lincoln');
INSERT INTO Province (name, country, population, area, capital) VALUES ('Merseyside', 'GB', 1441100, 652, 'Liverpool');
INSERT INTO Province (name, country, population, area, capital) VALUES ('Norfolk', 'GB', 759400, 5368, 'Norwich');
INSERT INTO Province (name, country, population, area, capital) VALUES ('Northamptonshire', 'GB', 587100, 2367, 'Northampton');
INSERT INTO Province (name, country, population, area, capital) VALUES ('Northumberland', 'GB', 307100, 5032, 'Newcastle upon Tyne');
INSERT INTO Province (name, country, population, area, capital) VALUES ('North Yorkshire', 'GB', 720900, 8309, 'Northallerton');
INSERT INTO Province (name, country, population, area, capital) VALUES ('Nottinghamshire', 'GB', 1015500, 2164, 'Nottingham');
INSERT INTO Province (name, country, population, area, capital) VALUES ('Oxfordshire', 'GB', 597700, 2608, 'Oxford');
INSERT INTO Province (name, country, population, area, capital) VALUES ('Shropshire', 'GB', 412500, 3490, 'Shrewsbury');
INSERT INTO Province (name, country, population, area, capital) VALUES ('Somerset', 'GB', 469400, 3451, 'Taunton');
INSERT INTO Province (name, country, population, area, capital) VALUES ('South Yorkshire', 'GB', 1292700, 1560, 'Barnsley');
INSERT INTO Province (name, country, population, area, capital) VALUES ('Staffordshire', 'GB', 1047400, 2716, 'Stafford');
INSERT INTO Province (name, country, population, area, capital) VALUES ('Suffolk', 'GB', 661900, 3797, 'Ipswich');
INSERT INTO Province (name, country, population, area, capital) VALUES ('Surrey', 'GB', 1035500, 1679, 'Kingston');
INSERT INTO Province (name, country, population, area, capital) VALUES ('Tyne and Wear', 'GB', 1125600, 540, 'Newcastle upon Tyne');
INSERT INTO Province (name, country, population, area, capital) VALUES ('Warwickshire', 'GB', 489900, 1981, 'Warwick');
INSERT INTO Province (name, country, population, area, capital) VALUES ('West Midlands', 'GB', 2619000, 899, 'Birmingham');
INSERT INTO Province (name, country, population, area, capital) VALUES ('West Sussex', 'GB', 713600, 1989, 'Chichester');
INSERT INTO Province (name, country, population, area, capital) VALUES ('West Yorkshire', 'GB', 2066200, 2039, 'Wakefield');
INSERT INTO Province (name, country, population, area, capital) VALUES ('Wiltshire', 'GB', 575100, 3480, 'Trowbridge');
INSERT INTO Province (name, country, population, area, capital) VALUES ('Borders', 'GB', 105700, 4698, 'Newtown St. Boswells');
INSERT INTO Province (name, country, population, area, capital) VALUES ('Central', 'GB', 273400, 2700, 'Stirling');
INSERT INTO Province (name, country, population, area, capital) VALUES ('Dumfries and Galloway', 'GB', 147800, 6425, 'Dumfries');
INSERT INTO Province (name, country, population, area, capital) VALUES ('Fife', 'GB', 352100, 1319, 'Glenrothes');
INSERT INTO Province (name, country, population, area, capital) VALUES ('Grampian', 'GB', 532500, 8752, 'Aberdeen');
INSERT INTO Province (name, country, population, area, capital) VALUES ('Highland', 'GB', 207500, 26137, 'Inverness');
INSERT INTO Province (name, country, population, area, capital) VALUES ('Lothian', 'GB', 758600, 1770, 'Edinburgh');
INSERT INTO Province (name, country, population, area, capital) VALUES ('Strathclyde', 'GB', 2287800, 13773, 'Glasgow');
INSERT INTO Province (name, country, population, area, capital) VALUES ('Tayside', 'GB', 395000, 7643, 'Dundee');
INSERT INTO Province (name, country, population, area, capital) VALUES ('Aberconwy and Colwyn', 'GB', 110700, 1130, 'Colwyn Bay');
INSERT INTO Province (name, country, population, area, capital) VALUES ('Anglesey', 'GB', 68500, 719, 'Llangefni');
INSERT INTO Province (name, country, population, area, capital) VALUES ('Blaenau Gwent', 'GB', 73300, 109, 'Ebbw Vale');
INSERT INTO Province (name, country, population, area, capital) VALUES ('Bridgend', 'GB', 130900, 246, 'Bridgend');
INSERT INTO Province (name, country, population, area, capital) VALUES ('Caerphilly', 'GB', 171000, 279, 'Ystrad Fawr');
INSERT INTO Province (name, country, population, area, capital) VALUES ('Cardiff', 'GB', 306600, 139, 'Cardiff');
INSERT INTO Province (name, country, population, area, capital) VALUES ('Carmarthenshire', 'GB', 169000, 2398, 'Carmarthen');
INSERT INTO Province (name, country, population, area, capital) VALUES ('Ceredigion', 'GB', 69700, 1797, 'Aberystwyth');
INSERT INTO Province (name, country, population, area, capital) VALUES ('Denbighshire', 'GB', 91300, 844, 'Ruthin');
INSERT INTO Province (name, country, population, area, capital) VALUES ('Flintshire', 'GB', 145300, 437, 'Mold');
INSERT INTO Province (name, country, population, area, capital) VALUES ('Gwynedd', 'GB', 117000, 2548, 'Caernarfon');
INSERT INTO Province (name, country, population, area, capital) VALUES ('Merthyr Tydfil', 'GB', 59500, 111, 'Merthyr Tydfil');
INSERT INTO Province (name, country, population, area, capital) VALUES ('Monmouthshire', 'GB', 84200, 851, 'Cwmbran');
INSERT INTO Province (name, country, population, area, capital) VALUES ('Neath and Port Talbot', 'GB', 140100, 441, 'Port Talbot');
INSERT INTO Province (name, country, population, area, capital) VALUES ('Newport', 'GB', 137400, 191, 'Newport');
INSERT INTO Province (name, country, population, area, capital) VALUES ('Pembrokeshire', 'GB', 113600, 1590, 'Haverfordwest');
INSERT INTO Province (name, country, population, area, capital) VALUES ('Powys', 'GB', 121800, 5204, 'Llandrindod Wells');
INSERT INTO Province (name, country, population, area, capital) VALUES ('Rhondda Cynon Taff', 'GB', 239000, 424, 'Rhondda');
INSERT INTO Province (name, country, population, area, capital) VALUES ('Swansea', 'GB', 230900, 378, 'Swansea');
INSERT INTO Province (name, country, population, area, capital) VALUES ('Torfaen', 'GB', 90600, 126, 'Pontypool');
INSERT INTO Province (name, country, population, area, capital) VALUES ('Vale of Glamorgan', 'GB', 119200, 337, 'Barry');
INSERT INTO Province (name, country, population, area, capital) VALUES ('Wrexham', 'GB', 123500, 499, 'Wrexham');
INSERT INTO Province (name, country, population, area, capital) VALUES ('Northern Ireland', 'GB', 1594400, 14120, 'Belfast');
INSERT INTO Province (name, country, population, area, capital) VALUES ('Orkneys', 'GB', 19590, 992, 'Kirkwall');
INSERT INTO Province (name, country, population, area, capital) VALUES ('Outer Hebrides', 'GB', 26370, 3071, 'Stornoway');
INSERT INTO Province (name, country, population, area, capital) VALUES ('Shetland', 'GB', 22000, 1466, 'Lerwick');
INSERT INTO Province (name, country, population, area, capital) VALUES ('Anhui', 'TJ', 59550000, 139000, 'Hefei');
INSERT INTO Province (name, country, population, area, capital) VALUES ('Fujian', 'TJ', 31830000, 120000, 'Fuzhou');
INSERT INTO Province (name, country, population, area, capital) VALUES ('Gansu', 'TJ', 23780000, 450000, 'Lanzhou');
INSERT INTO Province (name, country, population, area, capital) VALUES ('Guangdong', 'TJ', 66890000, 186000, 'Guangzhou');
INSERT INTO Province (name, country, population, area, capital) VALUES ('Guizhou', 'TJ', 34580000, 170000, 'Guiyang');
INSERT INTO Province (name, country, population, area, capital) VALUES ('Hainan', 'TJ', 7110000, 34000, 'Haikou');
INSERT INTO Province (name, country, population, area, capital) VALUES ('Hebei', 'TJ', 63880000, 190000, 'Shijiazhuang');
INSERT INTO Province (name, country, population, area, capital) VALUES ('Heilongjiang', 'TJ', 36720000, 469000, 'Harbin');
INSERT INTO Province (name, country, population, area, capital) VALUES ('Henan', 'TJ', 90270000, 167000, 'Zhengzhou');
INSERT INTO Province (name, country, population, area, capital) VALUES ('Hubei', 'TJ', 57190000, 187400, 'Wuhan');
INSERT INTO Province (name, country, population, area, capital) VALUES ('Hunan', 'TJ', 63550000, 210000, 'Changsha');
INSERT INTO Province (name, country, population, area, capital) VALUES ('Jiangsu', 'TJ', 70210000, 102600, 'Nanjing');
INSERT INTO Province (name, country, population, area, capital) VALUES ('Jiangxi', 'TJ', 40150000, 166600, 'Nanchang');
INSERT INTO Province (name, country, population, area, capital) VALUES ('Jilin', 'TJ', 25740000, 187000, 'Changchun');
INSERT INTO Province (name, country, population, area, capital) VALUES ('Liaoning', 'TJ', 40670000, 145700, 'Shenyang');
INSERT INTO Province (name, country, population, area, capital) VALUES ('Qinghai', 'TJ', 4740000, 720000, 'Xining');
INSERT INTO Province (name, country, population, area, capital) VALUES ('Shaanxi', 'TJ', 34810000, 205000, 'Xian');
INSERT INTO Province (name, country, population, area, capital) VALUES ('Shandong', 'TJ', 86710000, 153000, 'Jinan');
INSERT INTO Province (name, country, population, area, capital) VALUES ('Shanxi', 'TJ', 30450000, 156000, 'Taiyuan');
INSERT INTO Province (name, country, population, area, capital) VALUES ('Sichuan', 'TJ', 112140000, 570000, 'Chengdu');
INSERT INTO Province (name, country, population, area, capital) VALUES ('Yunnan', 'TJ', 39390000, 394000, 'Kunming');
INSERT INTO Province (name, country, population, area, capital) VALUES ('Zhejiang', 'TJ', 42940000, 101800, 'Hangzhou');
INSERT INTO Province (name, country, population, area, capital) VALUES ('Guangxi Zhuangzu', 'TJ', 44930000, 236300, 'Nanning');
INSERT INTO Province (name, country, population, area, capital) VALUES ('Nei Monggol', 'TJ', 22600000, 1183000, 'Hohhot');
INSERT INTO Province (name, country, population, area, capital) VALUES ('Ningxia Huizu', 'TJ', 5040000, 66400, 'Yinchuan');
INSERT INTO Province (name, country, population, area, capital) VALUES ('Xinjiang Uygur', 'TJ', 16320000, 1600000, 'Urumqi');
INSERT INTO Province (name, country, population, area, capital) VALUES ('Tibet', 'TJ', 2360000, 1220000, 'Lhasa');
INSERT INTO Province (name, country, population, area, capital) VALUES ('Beijing (munic.)', 'TJ', 11250000, 16800, 'Beijing');
INSERT INTO Province (name, country, population, area, capital) VALUES ('Shanghai (munic.)', 'TJ', 13560000, 6200, 'Shanghai');
INSERT INTO Province (name, country, population, area, capital) VALUES ('Tianjin (munic.)', 'TJ', 9350000, 11300, 'Tianjin');
INSERT INTO Province (name, country, population, area, capital) VALUES ('Azarbayian e Gharbt', 'IR', 2284208, 38850, 'Orumiyeh');
INSERT INTO Province (name, country, population, area, capital) VALUES ('Azarbayian e Sharqi', 'IR', 4420343, 67102, 'Tabriz');
INSERT INTO Province (name, country, population, area, capital) VALUES ('Bakhtaran', 'IR', 1622159, 23667, 'Bakhtaran');
INSERT INTO Province (name, country, population, area, capital) VALUES ('Boyer Ahmad e Kohkiluyeh', 'IR', 496739, 14261, 'Yasuj');
INSERT INTO Province (name, country, population, area, capital) VALUES ('Bushehr', 'IR', 694252, 27653, 'Bushehr');
INSERT INTO Province (name, country, population, area, capital) VALUES ('Chahar Mahal e Bakhtiari', 'IR', 747297, 14870, 'Shahr e Kord');
INSERT INTO Province (name, country, population, area, capital) VALUES ('Esfahan', 'IR', 3682444, 104650, 'Esfahan');
INSERT INTO Province (name, country, population, area, capital) VALUES ('Fars', 'IR', 3543828, 133298, 'Shiraz');
INSERT INTO Province (name, country, population, area, capital) VALUES ('Gilan', 'IR', 2204047, 14709, 'Rasht');
INSERT INTO Province (name, country, population, area, capital) VALUES ('Hamadan', 'IR', 1651320, 19784, 'Hamadan');
INSERT INTO Province (name, country, population, area, capital) VALUES ('Hormozgan', 'IR', 924433, 66780, 'Bandar Abbas');
INSERT INTO Province (name, country, population, area, capital) VALUES ('Ilam', 'IR', 440693, 19044, 'Ilam');
INSERT INTO Province (name, country, population, area, capital) VALUES ('Kerman', 'IR', 1862542, 179916, 'Kerman');
INSERT INTO Province (name, country, population, area, capital) VALUES ('Khorasan', 'IR', 6013200, 313337, 'Mashhad');
INSERT INTO Province (name, country, population, area, capital) VALUES ('Khuzestan', 'IR', 3175852, 67282, 'Ahvaz');
INSERT INTO Province (name, country, population, area, capital) VALUES ('Kordestan', 'IR', 1233480, 24998, 'Sanandaj');
INSERT INTO Province (name, country, population, area, capital) VALUES ('Lorestan', 'IR', 1501778, 28803, 'Khorramabad');
INSERT INTO Province (name, country, population, area, capital) VALUES ('Markazi', 'IR', 1182611, 29080, 'Arak');
INSERT INTO Province (name, country, population, area, capital) VALUES ('Mazandaran', 'IR', 3793149, 46456, 'Sari');
INSERT INTO Province (name, country, population, area, capital) VALUES ('Semnan', 'IR', 458125, 90905, 'Semnan');
INSERT INTO Province (name, country, population, area, capital) VALUES ('Sistan e Baluchestan', 'IR', 1455102, 181578, 'Zahedan');
INSERT INTO Province (name, country, population, area, capital) VALUES ('Tehran', 'IR', 9982309, 29993, 'Tehran');
INSERT INTO Province (name, country, population, area, capital) VALUES ('Yazd', 'IR', 691119, 70011, 'Yazd');
INSERT INTO Province (name, country, population, area, capital) VALUES ('Zanjan', 'IR', 1776133, 36398, 'Zanjan');
INSERT INTO Province (name, country, population, area, capital) VALUES ('Khujand', 'TAD', 1635900, 26100, 'Khujand');
INSERT INTO Province (name, country, population, area, capital) VALUES ('Kulob', 'TAD', 668100, 12000, 'Kulob');
INSERT INTO Province (name, country, population, area, capital) VALUES ('Khatlon', 'TAD', 1113500, 12600, 'Qurghonteppa');
INSERT INTO Province (name, country, population, area, capital) VALUES ('Badakhshoni Kuni', 'TAD', 167100, 63700, 'Khorugh');
INSERT INTO Province (name, country, population, area, capital) VALUES ('Dushanbe (munic.)', 'TAD', 591900, 300, 'Dushanbe');
INSERT INTO Province (name, country, population, area, capital) VALUES ('Ahal', 'TM', 416400, 0, 'Ashgabat');
INSERT INTO Province (name, country, population, area, capital) VALUES ('Balkan', 'TM', 925500, 233900, 'Nebitdag');
INSERT INTO Province (name, country, population, area, capital) VALUES ('Dashhowuz', 'TM', 738000, 73600, 'Tashauz');
INSERT INTO Province (name, country, population, area, capital) VALUES ('Leban', 'TM', 774700, 93800, 'Charjew');
INSERT INTO Province (name, country, population, area, capital) VALUES ('Mary', 'TM', 859500, 86800, 'Mary');
INSERT INTO Province (name, country, population, area, capital) VALUES ('Andijon', 'UZB', 1899000, 4200, 'Andijon');
INSERT INTO Province (name, country, population, area, capital) VALUES ('Bukhoro', 'UZB', 1262000, 39400, 'Bukhoro');
INSERT INTO Province (name, country, population, area, capital) VALUES ('Farghona', 'UZB', 2338000, 7100, 'Farghona');
INSERT INTO Province (name, country, population, area, capital) VALUES ('Jizzakh', 'UZB', 831000, 20500, 'Jizzakh');
INSERT INTO Province (name, country, population, area, capital) VALUES ('Khorazm', 'UZB', 1135000, 6300, 'Urganch');
INSERT INTO Province (name, country, population, area, capital) VALUES ('Namangan', 'UZB', 1652000, 7900, 'Namangan');
INSERT INTO Province (name, country, population, area, capital) VALUES ('Nawoiy', 'UZB', 715000, 110800, 'Nawoiy');
INSERT INTO Province (name, country, population, area, capital) VALUES ('Qasqadare', 'UZB', 1812000, 28400, 'Qarshi');
INSERT INTO Province (name, country, population, area, capital) VALUES ('Samarqand', 'UZB', 2322000, 16400, 'Samarqand');
INSERT INTO Province (name, country, population, area, capital) VALUES ('Sirdare', 'UZB', 600000, 5100, 'Guliston');
INSERT INTO Province (name, country, population, area, capital) VALUES ('Surkhondare', 'UZB', 1437000, 20800, 'Termiz');
INSERT INTO Province (name, country, population, area, capital) VALUES ('Toshkent', 'UZB', 4450000, 15600, 'Tashkent');
INSERT INTO Province (name, country, population, area, capital) VALUES ('Qaraqalpoghiston', 'UZB', 1343000, 164900, 'Nukus');
INSERT INTO Province (name, country, population, area, capital) VALUES ('Ayeyarwady', 'MYA', 4994100, 35138, 'Pathein');
INSERT INTO Province (name, country, population, area, capital) VALUES ('Magway', 'MYA', 3243200, 44820, 'Magway');
INSERT INTO Province (name, country, population, area, capital) VALUES ('Mandalay', 'MYA', 4577800, 37024, 'Mandalay');
INSERT INTO Province (name, country, population, area, capital) VALUES ('Bago', 'MYA', 3799800, 39404, 'Bago');
INSERT INTO Province (name, country, population, area, capital) VALUES ('Yangon', 'MYA', 3965900, 10171, 'Rangoon');
INSERT INTO Province (name, country, population, area, capital) VALUES ('Sagaing', 'MYA', 3862200, 94625, 'Sagaing');
INSERT INTO Province (name, country, population, area, capital) VALUES ('Tanintharyi', 'MYA', 917200, 43343, 'Tavoy');
INSERT INTO Province (name, country, population, area, capital) VALUES ('Chin', 'MYA', 368900, 36019, 'Hakha');
INSERT INTO Province (name, country, population, area, capital) VALUES ('Kachin', 'MYA', 904800, 89041, 'Myitkyina');
INSERT INTO Province (name, country, population, area, capital) VALUES ('Kayin', 'MYA', 1055400, 30383, 'Hpa an');
INSERT INTO Province (name, country, population, area, capital) VALUES ('Kayah', 'MYA', 168400, 11733, 'Loikaw');
INSERT INTO Province (name, country, population, area, capital) VALUES ('Mon', 'MYA', 1680200, 12297, 'Moulmein');
INSERT INTO Province (name, country, population, area, capital) VALUES ('Rakhine', 'MYA', 2045600, 36778, 'Akyab');
INSERT INTO Province (name, country, population, area, capital) VALUES ('Shan', 'MYA', 3716800, 155801, 'Taunggyi');
INSERT INTO Province (name, country, population, area, capital) VALUES ('Andhra Pradesh', 'IND', 66508008, 275045, 'Hyderabad');
INSERT INTO Province (name, country, population, area, capital) VALUES ('Arunachal Pradesh', 'IND', 864558, 83743, 'Itanagar');
INSERT INTO Province (name, country, population, area, capital) VALUES ('Assam', 'IND', 22414322, 78438, 'Dispur');
INSERT INTO Province (name, country, population, area, capital) VALUES ('Bihar', 'IND', 86374465, 173877, 'Patna');
INSERT INTO Province (name, country, population, area, capital) VALUES ('Goa', 'IND', 1169793, 3702, 'Panaji');
INSERT INTO Province (name, country, population, area, capital) VALUES ('Gujarat', 'IND', 41309582, 196024, 'Gandhinagar');
INSERT INTO Province (name, country, population, area, capital) VALUES ('Haryana', 'IND', 16463648, 44212, 'Chandigarh');
INSERT INTO Province (name, country, population, area, capital) VALUES ('Himachal Pradesh', 'IND', 5170877, 55673, 'Simla');
INSERT INTO Province (name, country, population, area, capital) VALUES ('Jammu and Kashmir', 'IND', 7718700, 101387, 'Srinagar');
INSERT INTO Province (name, country, population, area, capital) VALUES ('Karnataka', 'IND', 44977201, 191791, 'Bangalore');
INSERT INTO Province (name, country, population, area, capital) VALUES ('Kerala', 'IND', 29098518, 38863, 'Trivandrum');
INSERT INTO Province (name, country, population, area, capital) VALUES ('Madhya Pradesh', 'IND', 66181170, 443446, 'Bhopal');
INSERT INTO Province (name, country, population, area, capital) VALUES ('Maharashtra', 'IND', 78937187, 307713, 'Bombay');
INSERT INTO Province (name, country, population, area, capital) VALUES ('Manipur', 'IND', 1837149, 22327, 'Imphal');
INSERT INTO Province (name, country, population, area, capital) VALUES ('Meghalaya', 'IND', 1774778, 22429, 'Shillong');
INSERT INTO Province (name, country, population, area, capital) VALUES ('Mizoram', 'IND', 689756, 21081, 'Aijal');
INSERT INTO Province (name, country, population, area, capital) VALUES ('Nagaland', 'IND', 1209546, 16579, 'Kohima');
INSERT INTO Province (name, country, population, area, capital) VALUES ('Orissa', 'IND', 31659736, 155707, 'Bhubaneswar');
INSERT INTO Province (name, country, population, area, capital) VALUES ('Punjab', 'IND', 20281969, 50362, 'Chandigarh');
INSERT INTO Province (name, country, population, area, capital) VALUES ('Rajasthan', 'IND', 44005990, 342239, 'Jaipur');
INSERT INTO Province (name, country, population, area, capital) VALUES ('Sikkim', 'IND', 406457, 7096, 'Gangtok');
INSERT INTO Province (name, country, population, area, capital) VALUES ('Tamil Nadu', 'IND', 55858946, 130058, 'Madras');
INSERT INTO Province (name, country, population, area, capital) VALUES ('Tripura', 'IND', 2757205, 10486, 'Agartala');
INSERT INTO Province (name, country, population, area, capital) VALUES ('Uttar Pradesh', 'IND', 139112287, 294411, 'Lucknow');
INSERT INTO Province (name, country, population, area, capital) VALUES ('West Bengal', 'IND', 68077965, 88752, 'Calcutta');
INSERT INTO Province (name, country, population, area, capital) VALUES ('Andaman and Nicobar Is.', 'IND', 280661, 8249, 'Port Blair');
INSERT INTO Province (name, country, population, area, capital) VALUES ('Chandigarh', 'IND', 642015, 114, 'Chandigarh');
INSERT INTO Province (name, country, population, area, capital) VALUES ('Dadra and Nagar Haveli', 'IND', 138477, 491, 'Silvassa');
INSERT INTO Province (name, country, population, area, capital) VALUES ('Daman and Diu', 'IND', 101586, 112, 'Daman');
INSERT INTO Province (name, country, population, area, capital) VALUES ('Delhi', 'IND', 9420644, 1483, 'New Delhi');
INSERT INTO Province (name, country, population, area, capital) VALUES ('Lakshadweep Is.', 'IND', 51707, 32, 'Kavaratti');
INSERT INTO Province (name, country, population, area, capital) VALUES ('Pondicherry', 'IND', 807785, 492, 'Pondicherry');
INSERT INTO Province (name, country, population, area, capital) VALUES ('Johor', 'MAL', 2074297, 18986, 'Johor Baharu');
INSERT INTO Province (name, country, population, area, capital) VALUES ('Kedah', 'MAL', 1304800, 9426, 'Alor Setar');
INSERT INTO Province (name, country, population, area, capital) VALUES ('Kelantan', 'MAL', 1181680, 14943, 'Kota Baharu');
INSERT INTO Province (name, country, population, area, capital) VALUES ('Melaka', 'MAL', 504502, 1650, 'Melaka');
INSERT INTO Province (name, country, population, area, capital) VALUES ('Negeri Sembilan', 'MAL', 691150, 6643, 'Seremban');
INSERT INTO Province (name, country, population, area, capital) VALUES ('Pahang', 'MAL', 1036724, 35965, 'Kuantan');
INSERT INTO Province (name, country, population, area, capital) VALUES ('Perak', 'MAL', 1880016, 21005, 'Ipoh');
INSERT INTO Province (name, country, population, area, capital) VALUES ('Perlis', 'MAL', 184070, 795, 'Kangar');
INSERT INTO Province (name, country, population, area, capital) VALUES ('Pulau Pinang', 'MAL', 1065075, 1031, 'Penang');
INSERT INTO Province (name, country, population, area, capital) VALUES ('Sabah', 'MAL', 1736902, 73620, 'Kota Kinabalu');
INSERT INTO Province (name, country, population, area, capital) VALUES ('Sarawak', 'MAL', 1648217, 124449, 'Kuching');
INSERT INTO Province (name, country, population, area, capital) VALUES ('Selangor', 'MAL', 2289236, 7956, 'Shah Alam');
INSERT INTO Province (name, country, population, area, capital) VALUES ('Terengganu', 'MAL', 770931, 12955, 'Kuala Terengganu');
INSERT INTO Province (name, country, population, area, capital) VALUES ('Fed. Terr. of Kuala Lumpur', 'MAL', 1145075, 243, 'Kuala Lumpur');
INSERT INTO Province (name, country, population, area, capital) VALUES ('Fed. Terr. of Labuan', 'MAL', 54307, 91, 'Labuan');
INSERT INTO Province (name, country, population, area, capital) VALUES ('Almaty', 'KAZ', 963100, 105700, 'Almaty');
INSERT INTO Province (name, country, population, area, capital) VALUES ('Aqmola', 'KAZ', 845700, 92000, 'Aqmola');
INSERT INTO Province (name, country, population, area, capital) VALUES ('Aqtobe', 'KAZ', 752800, 300600, 'Aqtobe');
INSERT INTO Province (name, country, population, area, capital) VALUES ('Atyrau', 'KAZ', 459600, 118600, 'Atyrau');
INSERT INTO Province (name, country, population, area, capital) VALUES ('Batys Qazaqstan', 'KAZ', 669800, 151300, 'Oral');
INSERT INTO Province (name, country, population, area, capital) VALUES ('Kokchetau', 'KAZ', 657000, 78200, 'Kokchetau');
INSERT INTO Province (name, country, population, area, capital) VALUES ('Mangghystau', 'KAZ', 324400, 165600, 'Aqtau');
INSERT INTO Province (name, country, population, area, capital) VALUES ('Ongtustik Qazaqstan', 'KAZ', 1987800, 117300, 'Shymkent');
INSERT INTO Province (name, country, population, area, capital) VALUES ('Pavlodar', 'KAZ', 943600, 124800, 'Pavlodar');
INSERT INTO Province (name, country, population, area, capital) VALUES ('Qaraghandy', 'KAZ', 1270100, 115400, 'Karaganda');
INSERT INTO Province (name, country, population, area, capital) VALUES ('Qostanay', 'KAZ', 1055300, 113900, 'Qostanay');
INSERT INTO Province (name, country, population, area, capital) VALUES ('Qyzylorda', 'KAZ', 606100, 226000, 'Qyzylorda');
INSERT INTO Province (name, country, population, area, capital) VALUES ('Semey', 'KAZ', 811000, 185800, 'Semey');
INSERT INTO Province (name, country, population, area, capital) VALUES ('Shyghys Qazaqstan', 'KAZ', 939500, 97500, 'Oskemen');
INSERT INTO Province (name, country, population, area, capital) VALUES ('Soltustik Qazaqstan', 'KAZ', 600900, 45000, 'Petropavl');
INSERT INTO Province (name, country, population, area, capital) VALUES ('Taldyqorghan', 'KAZ', 721500, 118500, 'Taldyqorghan');
INSERT INTO Province (name, country, population, area, capital) VALUES ('Torghay', 'KAZ', 305900, 111800, 'Arqalyq');
INSERT INTO Province (name, country, population, area, capital) VALUES ('Zhambyl', 'KAZ', 1039600, 144300, 'Zhambyl');
INSERT INTO Province (name, country, population, area, capital) VALUES ('Zhezkazghan', 'KAZ', 484400, 312600, 'Zhezkazghan');
INSERT INTO Province (name, country, population, area, capital) VALUES ('Almaty (munic.)', 'KAZ', 1172400, 0, 'Almaty');
INSERT INTO Province (name, country, population, area, capital) VALUES ('Leninsk (munic.)', 'KAZ', 68600, 0, 'Leninsk');
INSERT INTO Province (name, country, population, area, capital) VALUES ('Central', 'IL', 938000, 1242, 'Ramla');
INSERT INTO Province (name, country, population, area, capital) VALUES ('Haifa', 'IL', 602800, 854, 'Haifa');
INSERT INTO Province (name, country, population, area, capital) VALUES ('North', 'IL', 739500, 4501, 'Nazareth');
INSERT INTO Province (name, country, population, area, capital) VALUES ('Tel Aviv', 'IL', 1029700, 170, 'Tel Aviv');
INSERT INTO Province (name, country, population, area, capital) VALUES ('South', 'IL', 529300, 14107, 'Beer Sheva');
INSERT INTO Province (name, country, population, area, capital) VALUES ('El Bahr el Ahmar', 'ET', 108000, 203685, 'Hurghada');
INSERT INTO Province (name, country, population, area, capital) VALUES ('Matruh', 'ET', 182000, 212112, 'Marsa Matruh');
INSERT INTO Province (name, country, population, area, capital) VALUES ('Sina al Janubiyah', 'ET', 33000, 33140, 'El Tur');
INSERT INTO Province (name, country, population, area, capital) VALUES ('Sina ash Shamaliyah', 'ET', 196000, 27574, 'El Arish');
INSERT INTO Province (name, country, population, area, capital) VALUES ('El Wadi el Jadid', 'ET', 126000, 376505, 'El Kharga');
INSERT INTO Province (name, country, population, area, capital) VALUES ('El Buhayra', 'ET', 3602000, 10130, 'Damanhur');
INSERT INTO Province (name, country, population, area, capital) VALUES ('El Daqahliya', 'ET', 3828000, 3471, 'El Mansura');
INSERT INTO Province (name, country, population, area, capital) VALUES ('Dumyat', 'ET', 808000, 589, 'Dumyat');
INSERT INTO Province (name, country, population, area, capital) VALUES ('El Gharbiya', 'ET', 3113000, 1942, 'Tanta');
INSERT INTO Province (name, country, population, area, capital) VALUES ('Ismailiya', 'ET', 623000, 1442, 'Ismailiya');
INSERT INTO Province (name, country, population, area, capital) VALUES ('Kafr el Sheikh', 'ET', 1968000, 3437, 'Kafr el Sheikh');
INSERT INTO Province (name, country, population, area, capital) VALUES ('El Minufiya', 'ET', 2449000, 1532, 'Shibin el Kom');
INSERT INTO Province (name, country, population, area, capital) VALUES ('El Qalubiya', 'ET', 2868000, 1001, 'Benha');
INSERT INTO Province (name, country, population, area, capital) VALUES ('Sharqiya', 'ET', 3766000, 4180, 'Zagazig');
INSERT INTO Province (name, country, population, area, capital) VALUES ('Aswan', 'ET', 883000, 679, 'Aswan');
INSERT INTO Province (name, country, population, area, capital) VALUES ('Asyut', 'ET', 2456000, 1553, 'Asyut');
INSERT INTO Province (name, country, population, area, capital) VALUES ('Beni Suef', 'ET', 1586000, 1322, 'Beni Suef');
INSERT INTO Province (name, country, population, area, capital) VALUES ('El Faiyum', 'ET', 1720000, 1827, 'El Faiyum');
INSERT INTO Province (name, country, population, area, capital) VALUES ('El Giza', 'ET', 4265000, 85153, 'El Giza');
INSERT INTO Province (name, country, population, area, capital) VALUES ('El Minya', 'ET', 2916000, 2262, 'El Minya');
INSERT INTO Province (name, country, population, area, capital) VALUES ('Qena', 'ET', 2493000, 1851, 'Qena');
INSERT INTO Province (name, country, population, area, capital) VALUES ('Sohag', 'ET', 2689000, 1547, 'Sohag');
INSERT INTO Province (name, country, population, area, capital) VALUES ('Bur Said (munic.)', 'ET', 461000, 72, 'Bur Said');
INSERT INTO Province (name, country, population, area, capital) VALUES ('El Iskandariya', 'ET', 3170000, 2679, 'Alexandria');
INSERT INTO Province (name, country, population, area, capital) VALUES ('El Qahira', 'ET', 6452000, 214, 'Cairo');
INSERT INTO Province (name, country, population, area, capital) VALUES ('El Suweiz', 'ET', 392000, 17840, 'El Suweiz');
INSERT INTO Province (name, country, population, area, capital) VALUES ('Al Anbar', 'IRQ', 817868, 138501, 'Ar Ramadi');
INSERT INTO Province (name, country, population, area, capital) VALUES ('Babil', 'IRQ', 1108773, 6468, 'Al Hillah');
INSERT INTO Province (name, country, population, area, capital) VALUES ('Baghdad', 'IRQ', 4648609, 734, 'Baghdad');
INSERT INTO Province (name, country, population, area, capital) VALUES ('Al Basrah', 'IRQ', 872211, 19070, 'Al Basrah');
INSERT INTO Province (name, country, population, area, capital) VALUES ('Dhi Qar', 'IRQ', 917880, 12900, 'An Nasiriyah');
INSERT INTO Province (name, country, population, area, capital) VALUES ('Diyala', 'IRQ', 955112, 19076, 'Baqubah');
INSERT INTO Province (name, country, population, area, capital) VALUES ('Karbala', 'IRQ', 455868, 5034, 'Karbala');
INSERT INTO Province (name, country, population, area, capital) VALUES ('Maysan', 'IRQ', 499842, 16072, 'Al Amarah');
INSERT INTO Province (name, country, population, area, capital) VALUES ('Al Muthanna', 'IRQ', 312911, 51740, 'As Samawah');
INSERT INTO Province (name, country, population, area, capital) VALUES ('An Najaf', 'IRQ', 583493, 28824, 'An Najaf');
INSERT INTO Province (name, country, population, area, capital) VALUES ('Ninawa', 'IRQ', 1507926, 35899, 'Mosul');
INSERT INTO Province (name, country, population, area, capital) VALUES ('Al Qadisiyah', 'IRQ', 560797, 8153, 'Diwaniyah');
INSERT INTO Province (name, country, population, area, capital) VALUES ('Salah ad Din', 'IRQ', 723500, 26175, 'Samarra');
INSERT INTO Province (name, country, population, area, capital) VALUES ('Ad Tamim', 'IRQ', 592869, 10282, 'Kirkuk');
INSERT INTO Province (name, country, population, area, capital) VALUES ('Wasit', 'IRQ', 546676, 17153, 'Al Kut');
INSERT INTO Province (name, country, population, area, capital) VALUES ('Dahuk', 'IRQ', 292931, 6553, 'Dahuk');
INSERT INTO Province (name, country, population, area, capital) VALUES ('Arbil', 'IRQ', 742538, 14471, 'Arbil');
INSERT INTO Province (name, country, population, area, capital) VALUES ('As Sulaymaniyah', 'IRQ', 942513, 17023, 'As Sulaymaniyah');
INSERT INTO Province (name, country, population, area, capital) VALUES ('Hokkaido', 'J', 5692321, 83519, 'Sapporo');
INSERT INTO Province (name, country, population, area, capital) VALUES ('Aomori', 'J', 1481663, 9619, 'Aomori');
INSERT INTO Province (name, country, population, area, capital) VALUES ('Iwate', 'J', 1419505, 15277, 'Morioka');
INSERT INTO Province (name, country, population, area, capital) VALUES ('Miyagi', 'J', 2328739, 7292, 'Sendai');
INSERT INTO Province (name, country, population, area, capital) VALUES ('Akita', 'J', 1213667, 11612, 'Akita');
INSERT INTO Province (name, country, population, area, capital) VALUES ('Yamagata', 'J', 1256958, 9327, 'Yamagata');
INSERT INTO Province (name, country, population, area, capital) VALUES ('Fukushima', 'J', 2133592, 13784, 'Fukushima');
INSERT INTO Province (name, country, population, area, capital) VALUES ('Ibaraki', 'J', 2955530, 6094, 'Mito');
INSERT INTO Province (name, country, population, area, capital) VALUES ('Tochigi', 'J', 1984390, 6414, 'Utsonomiya');
INSERT INTO Province (name, country, population, area, capital) VALUES ('Gumma', 'J', 2003540, 6356, 'Maebashi');
INSERT INTO Province (name, country, population, area, capital) VALUES ('Saitama', 'J', 6759311, 3799, 'Urawa');
INSERT INTO Province (name, country, population, area, capital) VALUES ('Chiba', 'J', 5797782, 5150, 'Chiba');
INSERT INTO Province (name, country, population, area, capital) VALUES ('Tokyo', 'J', 11773605, 2164, 'Tokyo');
INSERT INTO Province (name, country, population, area, capital) VALUES ('Kanagawa', 'J', 8245900, 2402, 'Yokohama');
INSERT INTO Province (name, country, population, area, capital) VALUES ('Niigata', 'J', 2488364, 12579, 'Niigata');
INSERT INTO Province (name, country, population, area, capital) VALUES ('Toyama', 'J', 1123125, 4252, 'Toyama');
INSERT INTO Province (name, country, population, area, capital) VALUES ('Ishikawa', 'J', 1180068, 4197, 'Kanazawa');
INSERT INTO Province (name, country, population, area, capital) VALUES ('Fukui', 'J', 826996, 4192, 'Fukui');
INSERT INTO Province (name, country, population, area, capital) VALUES ('Yamanashi', 'J', 881996, 4463, 'Kofu');
INSERT INTO Province (name, country, population, area, capital) VALUES ('Nagano', 'J', 2193984, 13585, 'Nagano');
INSERT INTO Province (name, country, population, area, capital) VALUES ('Gifu', 'J', 2100315, 10596, 'Gifu');
INSERT INTO Province (name, country, population, area, capital) VALUES ('Shizuoka', 'J', 3737689, 7773, 'Shizuoka');
INSERT INTO Province (name, country, population, area, capital) VALUES ('Aichi', 'J', 6868336, 5138, 'Nagoya');
INSERT INTO Province (name, country, population, area, capital) VALUES ('Mie', 'J', 1841358, 5778, 'Tsu');
INSERT INTO Province (name, country, population, area, capital) VALUES ('Shiga', 'J', 1287005, 4016, 'Otsu');
INSERT INTO Province (name, country, population, area, capital) VALUES ('Kyoto', 'J', 2629592, 4613, 'Kyoto');
INSERT INTO Province (name, country, population, area, capital) VALUES ('Osaka', 'J', 8797268, 1868, 'Osaka');
INSERT INTO Province (name, country, population, area, capital) VALUES ('Hyogo', 'J', 5401877, 8381, 'Kobe');
INSERT INTO Province (name, country, population, area, capital) VALUES ('Nara', 'J', 1430862, 3692, 'Nara');
INSERT INTO Province (name, country, population, area, capital) VALUES ('Wakayama', 'J', 1080435, 4725, 'Wakayama');
INSERT INTO Province (name, country, population, area, capital) VALUES ('Tottori', 'J', 614929, 3494, 'Tottori');
INSERT INTO Province (name, country, population, area, capital) VALUES ('Shimane', 'J', 771441, 6628, 'Matsue');
INSERT INTO Province (name, country, population, area, capital) VALUES ('Okayama', 'J', 1950750, 7090, 'Okayama');
INSERT INTO Province (name, country, population, area, capital) VALUES ('Hiroshima', 'J', 2881748, 8467, 'Hiroshima');
INSERT INTO Province (name, country, population, area, capital) VALUES ('Yamaguchi', 'J', 1555543, 6106, 'Yamaguchi');
INSERT INTO Province (name, country, population, area, capital) VALUES ('Tokushima', 'J', 832427, 4145, 'Tokushima');
INSERT INTO Province (name, country, population, area, capital) VALUES ('Kagawa', 'J', 1027006, 1882, 'Takamatsu');
INSERT INTO Province (name, country, population, area, capital) VALUES ('Ehime', 'J', 1506700, 5672, 'Matsuyama');
INSERT INTO Province (name, country, population, area, capital) VALUES ('Kochi', 'J', 816704, 7107, 'Kochi');
INSERT INTO Province (name, country, population, area, capital) VALUES ('Fukuoka', 'J', 4933393, 4961, 'Fukuoka');
INSERT INTO Province (name, country, population, area, capital) VALUES ('Saga', 'J', 884316, 2433, 'Saga');
INSERT INTO Province (name, country, population, area, capital) VALUES ('Nagasaki', 'J', 1544934, 4112, 'Nagasaki');
INSERT INTO Province (name, country, population, area, capital) VALUES ('Kumamoto', 'J', 1859793, 7408, 'Kumamoto');
INSERT INTO Province (name, country, population, area, capital) VALUES ('Oita', 'J', 1231306, 6338, 'Oita');
INSERT INTO Province (name, country, population, area, capital) VALUES ('Miyazaki', 'J', 1175819, 7735, 'Miyazaki');
INSERT INTO Province (name, country, population, area, capital) VALUES ('Kagoshima', 'J', 1794224, 9166, 'Kagoshima');
INSERT INTO Province (name, country, population, area, capital) VALUES ('Okinawa', 'J', 1273440, 2255, 'Naha');
INSERT INTO Province (name, country, population, area, capital) VALUES ('Aguascalientes', 'MEX', 862720, 5589, 'Aguascalientes');
INSERT INTO Province (name, country, population, area, capital) VALUES ('Baja California', 'MEX', 2112140, 70113, 'Mexicali');
INSERT INTO Province (name, country, population, area, capital) VALUES ('Baja California Sur', 'MEX', 375494, 73677, 'La Paz');
INSERT INTO Province (name, country, population, area, capital) VALUES ('Campeche', 'MEX', 642516, 51833, 'Campeche');
INSERT INTO Province (name, country, population, area, capital) VALUES ('Chiapas', 'MEX', 3584786, 73887, 'Tuxtla Gutierrez');
INSERT INTO Province (name, country, population, area, capital) VALUES ('Chihuahua', 'MEX', 2793537, 247087, 'Chihuahua');
INSERT INTO Province (name, country, population, area, capital) VALUES ('Coahuila', 'MEX', 2173775, 151571, 'Saltillo');
INSERT INTO Province (name, country, population, area, capital) VALUES ('Colima', 'MEX', 488028, 5455, 'Colima');
INSERT INTO Province (name, country, population, area, capital) VALUES ('Durango', 'MEX', 1431748, 119648, 'Durango');
INSERT INTO Province (name, country, population, area, capital) VALUES ('Guanajuato', 'MEX', 4406568, 30589, 'Guanajuato');
INSERT INTO Province (name, country, population, area, capital) VALUES ('Guerrero', 'MEX', 2916567, 63749, 'Chilpancingo');
INSERT INTO Province (name, country, population, area, capital) VALUES ('Hidalgo', 'MEX', 2112473, 20987, 'Pachuca de Soto');
INSERT INTO Province (name, country, population, area, capital) VALUES ('Jalisco', 'MEX', 5991176, 80137, 'Guadalajara');
INSERT INTO Province (name, country, population, area, capital) VALUES ('Mexico (Estado de)', 'MEX', 11707964, 21461, 'Toluca de Lerdo');
INSERT INTO Province (name, country, population, area, capital) VALUES ('Michoacan', 'MEX', 3870604, 59864, 'Morelia');
INSERT INTO Province (name, country, population, area, capital) VALUES ('Morelos', 'MEX', 1442662, 4941, 'Cuernavaca');
INSERT INTO Province (name, country, population, area, capital) VALUES ('Nayarit', 'MEX', 896702, 27621, 'Tepic');
INSERT INTO Province (name, country, population, area, capital) VALUES ('Nuevo Leon', 'MEX', 3550114, 64555, 'Monterrey');
INSERT INTO Province (name, country, population, area, capital) VALUES ('Oaxaca', 'MEX', 3228895, 95364, 'Oaxaca');
INSERT INTO Province (name, country, population, area, capital) VALUES ('Puebla', 'MEX', 4624365, 33919, 'Puebla');
INSERT INTO Province (name, country, population, area, capital) VALUES ('Queretaro', 'MEX', 1250476, 11769, 'Queretaro');
INSERT INTO Province (name, country, population, area, capital) VALUES ('Quintana Roo', 'MEX', 703536, 50350, 'Chetumal');
INSERT INTO Province (name, country, population, area, capital) VALUES ('San Luis Potosi', 'MEX', 2200763, 62848, 'San Luis Potosi');
INSERT INTO Province (name, country, population, area, capital) VALUES ('Sinaloa', 'MEX', 2425675, 58092, 'Culiacan');
INSERT INTO Province (name, country, population, area, capital) VALUES ('Sonora', 'MEX', 2085536, 184934, 'Hermosillo');
INSERT INTO Province (name, country, population, area, capital) VALUES ('Tabasco', 'MEX', 1748769, 24661, 'Villahermosa');
INSERT INTO Province (name, country, population, area, capital) VALUES ('Tamaulipas', 'MEX', 2527328, 79829, 'Ciudad Victoria');
INSERT INTO Province (name, country, population, area, capital) VALUES ('Tlaxcala', 'MEX', 883924, 3914, 'Tlaxcala');
INSERT INTO Province (name, country, population, area, capital) VALUES ('Veracruz', 'MEX', 6737324, 72815, 'Jalapa');
INSERT INTO Province (name, country, population, area, capital) VALUES ('Yucatan', 'MEX', 1556622, 39340, 'Merida');
INSERT INTO Province (name, country, population, area, capital) VALUES ('Zacatecas', 'MEX', 1336496, 75040, 'Zacatecas');
INSERT INTO Province (name, country, population, area, capital) VALUES ('Distrito Federal', 'MEX', 8489007, 1499, 'Mexico City');
INSERT INTO Province (name, country, population, area, capital) VALUES ('Alberta', 'CDN', 2696826, 661185, 'Edmonton');
INSERT INTO Province (name, country, population, area, capital) VALUES ('British Columbia', 'CDN', 3724500, 948596, 'Victoria');
INSERT INTO Province (name, country, population, area, capital) VALUES ('Manitoba', 'CDN', 1113898, 650086, 'Winnipeg');
INSERT INTO Province (name, country, population, area, capital) VALUES ('New Brunswick', 'CDN', 738133, 73437, 'Fredericton');
INSERT INTO Province (name, country, population, area, capital) VALUES ('Newfoundland', 'CDN', 551792, 404517, 'Saint Johns');
INSERT INTO Province (name, country, population, area, capital) VALUES ('Northwest Territories', 'CDN', 64402, 3379683, 'Yellowknife');
INSERT INTO Province (name, country, population, area, capital) VALUES ('Nova Scotia', 'CDN', 909282, 55490, 'Halifax');
INSERT INTO Province (name, country, population, area, capital) VALUES ('Ontario', 'CDN', 10753573, 1068582, 'Toronto');
INSERT INTO Province (name, country, population, area, capital) VALUES ('Prince Edward Island', 'CDN', 134557, 5657, 'Charlottetown');
INSERT INTO Province (name, country, population, area, capital) VALUES ('Quebec', 'CDN', 7138795, 1540680, 'Quebec');
INSERT INTO Province (name, country, population, area, capital) VALUES ('Saskatchewan', 'CDN', 990237, 651900, 'Regina');
INSERT INTO Province (name, country, population, area, capital) VALUES ('Yukon Territory', 'CDN', 30766, 536324, 'Whitehorse');
INSERT INTO Province (name, country, population, area, capital) VALUES ('Alabama', 'USA', 4319154, 133915, 'Montgomery');
INSERT INTO Province (name, country, population, area, capital) VALUES ('Alaska', 'USA', 609311, 1530694, 'Juneau');
INSERT INTO Province (name, country, population, area, capital) VALUES ('Arizona', 'USA', 4554966, 295259, 'Phoenix');
INSERT INTO Province (name, country, population, area, capital) VALUES ('Arkansas', 'USA', 2522819, 137754, 'Little Rock');
INSERT INTO Province (name, country, population, area, capital) VALUES ('California', 'USA', 32268301, 411047, 'Sacramento');
INSERT INTO Province (name, country, population, area, capital) VALUES ('Colorado', 'USA', 3892644, 269595, 'Denver');
INSERT INTO Province (name, country, population, area, capital) VALUES ('Connecticut', 'USA', 3269858, 12997, 'Hartford');
INSERT INTO Province (name, country, population, area, capital) VALUES ('Delaware', 'USA', 731581, 5297, 'Dover');
INSERT INTO Province (name, country, population, area, capital) VALUES ('Florida', 'USA', 14653945, 151939, 'Tallahassee');
INSERT INTO Province (name, country, population, area, capital) VALUES ('Georgia', 'USA', 7486242, 152576, 'Atlanta');
INSERT INTO Province (name, country, population, area, capital) VALUES ('Hawaii', 'USA', 1183723, 16760, 'Honolulu');
INSERT INTO Province (name, country, population, area, capital) VALUES ('Idaho', 'USA', 1186602, 216430, 'Boise');
INSERT INTO Province (name, country, population, area, capital) VALUES ('Illinois', 'USA', 11895849, 145933, 'Springfield');
INSERT INTO Province (name, country, population, area, capital) VALUES ('Indiana', 'USA', 5864108, 93719, 'Indianapolis');
INSERT INTO Province (name, country, population, area, capital) VALUES ('Iowa', 'USA', 2852423, 145752, 'Des Moines');
INSERT INTO Province (name, country, population, area, capital) VALUES ('Kansas', 'USA', 2594840, 213097, 'Topeka');
INSERT INTO Province (name, country, population, area, capital) VALUES ('Kentucky', 'USA', 3908124, 104661, 'Frankfort');
INSERT INTO Province (name, country, population, area, capital) VALUES ('Louisiana', 'USA', 4351769, 123677, 'Baton Rouge');
INSERT INTO Province (name, country, population, area, capital) VALUES ('Maine', 'USA', 1242051, 86156, 'Augusta');
INSERT INTO Province (name, country, population, area, capital) VALUES ('Maryland', 'USA', 5094289, 27091, 'Annapolis');
INSERT INTO Province (name, country, population, area, capital) VALUES ('Massachusetts', 'USA', 6117520, 21455, 'Boston');
INSERT INTO Province (name, country, population, area, capital) VALUES ('Michigan', 'USA', 9773892, 151584, 'Lansing');
INSERT INTO Province (name, country, population, area, capital) VALUES ('Minnesota', 'USA', 4685549, 218600, 'St. Paul');
INSERT INTO Province (name, country, population, area, capital) VALUES ('Mississippi', 'USA', 2730501, 123514, 'Jackson');
INSERT INTO Province (name, country, population, area, capital) VALUES ('Missouri', 'USA', 5402058, 180514, 'Jefferson City');
INSERT INTO Province (name, country, population, area, capital) VALUES ('Montana', 'USA', 878810, 380848, 'Helena');
INSERT INTO Province (name, country, population, area, capital) VALUES ('Nebraska', 'USA', 1656870, 200349, 'Lincoln');
INSERT INTO Province (name, country, population, area, capital) VALUES ('Nevada', 'USA', 1676809, 286352, 'Carson City');
INSERT INTO Province (name, country, population, area, capital) VALUES ('New Hampshire', 'USA', 1172709, 24033, 'Concord');
INSERT INTO Province (name, country, population, area, capital) VALUES ('New Jersey', 'USA', 8052849, 20168, 'Trenton');
INSERT INTO Province (name, country, population, area, capital) VALUES ('New Mexico', 'USA', 1729751, 314925, 'Santa Fe');
INSERT INTO Province (name, country, population, area, capital) VALUES ('New York', 'USA', 18137226, 127189, 'Albany');
INSERT INTO Province (name, country, population, area, capital) VALUES ('North Carolina', 'USA', 7425183, 136412, 'Raleigh');
INSERT INTO Province (name, country, population, area, capital) VALUES ('North Dakota', 'USA', 640883, 183117, 'Bismarck');
INSERT INTO Province (name, country, population, area, capital) VALUES ('Ohio', 'USA', 11186331, 107044, 'Columbus');
INSERT INTO Province (name, country, population, area, capital) VALUES ('Oklahoma', 'USA', 3317091, 181185, 'Oklahoma City');
INSERT INTO Province (name, country, population, area, capital) VALUES ('Oregon', 'USA', 3243487, 251418, 'Salem');
INSERT INTO Province (name, country, population, area, capital) VALUES ('Pennsylvania', 'USA', 12019661, 117347, 'Harrisburg');
INSERT INTO Province (name, country, population, area, capital) VALUES ('Rhode Island', 'USA', 987429, 3139, 'Providence');
INSERT INTO Province (name, country, population, area, capital) VALUES ('South Carolina', 'USA', 3760181, 80582, 'Columbia');
INSERT INTO Province (name, country, population, area, capital) VALUES ('South Dakota', 'USA', 737973, 199730, 'Pierre');
INSERT INTO Province (name, country, population, area, capital) VALUES ('Tennessee', 'USA', 5368198, 109153, 'Nashville');
INSERT INTO Province (name, country, population, area, capital) VALUES ('Texas', 'USA', 19439337, 691027, 'Austin');
INSERT INTO Province (name, country, population, area, capital) VALUES ('Utah', 'USA', 2059148, 219888, 'Salt Lake City');
INSERT INTO Province (name, country, population, area, capital) VALUES ('Vermont', 'USA', 588978, 24900, 'Montpelier');
INSERT INTO Province (name, country, population, area, capital) VALUES ('Virginia', 'USA', 6733996, 105586, 'Richmond');
INSERT INTO Province (name, country, population, area, capital) VALUES ('Washington', 'USA', 5610362, 176479, 'Olympia');
INSERT INTO Province (name, country, population, area, capital) VALUES ('West Virginia', 'USA', 1815787, 62761, 'Charleston');
INSERT INTO Province (name, country, population, area, capital) VALUES ('Wisconsin', 'USA', 5169677, 145436, 'Madison');
INSERT INTO Province (name, country, population, area, capital) VALUES ('Wyoming', 'USA', 479743, 253324, 'Cheyenne');
INSERT INTO Province (name, country, population, area, capital) VALUES ('Distr. Columbia', 'USA', 528964, 179, 'Washington');
INSERT INTO Province (name, country, population, area, capital) VALUES ('San Jose', 'CR', 1163943, 4960, 'San Jose');
INSERT INTO Province (name, country, population, area, capital) VALUES ('Alajuela', 'CR', 569984, 9753, 'Alajuela');
INSERT INTO Province (name, country, population, area, capital) VALUES ('Cartago', 'CR', 359765, 3125, 'Cartago');
INSERT INTO Province (name, country, population, area, capital) VALUES ('Heredia', 'CR', 256726, 2656, 'Heredia');
INSERT INTO Province (name, country, population, area, capital) VALUES ('Guanacaste', 'CR', 254530, 10141, 'Liberia');
INSERT INTO Province (name, country, population, area, capital) VALUES ('Puntarenas', 'CR', 357103, 11277, 'Puntarenas');
INSERT INTO Province (name, country, population, area, capital) VALUES ('Limon', 'CR', 237183, 9189, 'Limon');
INSERT INTO Province (name, country, population, area, capital) VALUES ('Bocas del Toro', 'PA', 88400, 8745, 'Bocas del Toro');
INSERT INTO Province (name, country, population, area, capital) VALUES ('Cocle', 'PA', 177100, 4927, 'Penonome');
INSERT INTO Province (name, country, population, area, capital) VALUES ('Colon', 'PA', 222600, 7247, 'Colon');
INSERT INTO Province (name, country, population, area, capital) VALUES ('Comarca de San Blas', 'PA', 0, 2357, 'El Porvenir');
INSERT INTO Province (name, country, population, area, capital) VALUES ('Chiriqui', 'PA', 396800, 8653, 'David');
INSERT INTO Province (name, country, population, area, capital) VALUES ('Darien', 'PA', 45000, 16671, 'La Palma');
INSERT INTO Province (name, country, population, area, capital) VALUES ('Herrera', 'PA', 108700, 2341, 'Chitre');
INSERT INTO Province (name, country, population, area, capital) VALUES ('Los Santos', 'PA', 82800, 3806, 'Las Tablas');
INSERT INTO Province (name, country, population, area, capital) VALUES ('Panama', 'PA', 1168500, 11887, 'Panama City');
INSERT INTO Province (name, country, population, area, capital) VALUES ('Veraguas', 'PA', 224700, 11239, 'Santiago');
INSERT INTO Province (name, country, population, area, capital) VALUES ('Camaguey', 'C', 723000, 15990, 'Camaguey');
INSERT INTO Province (name, country, population, area, capital) VALUES ('Ciego de Avila', 'C', 353000, 6910, 'Ciego de Avila');
INSERT INTO Province (name, country, population, area, capital) VALUES ('Cienfuegos', 'C', 354000, 4178, 'Cienfuegos');
INSERT INTO Province (name, country, population, area, capital) VALUES ('Ciudad de la Habana', 'C', 2059000, 727, 'Havana');
INSERT INTO Province (name, country, population, area, capital) VALUES ('Granma', 'C', 773000, 8372, 'Bayamo');
INSERT INTO Province (name, country, population, area, capital) VALUES ('Guantanamo', 'C', 484000, 6186, 'Guantanamo');
INSERT INTO Province (name, country, population, area, capital) VALUES ('Holguin', 'C', 972000, 9301, 'Holguin');
INSERT INTO Province (name, country, population, area, capital) VALUES ('La Habana', 'C', 630000, 5731, 'Havana');
INSERT INTO Province (name, country, population, area, capital) VALUES ('Las Tunas', 'C', 478000, 6589, 'Victoria de las Tunas');
INSERT INTO Province (name, country, population, area, capital) VALUES ('Matanzas', 'C', 596000, 11978, 'Matanzas');
INSERT INTO Province (name, country, population, area, capital) VALUES ('Pinar del Rio', 'C', 678000, 10925, 'Pinar del Rio');
INSERT INTO Province (name, country, population, area, capital) VALUES ('Sancti Spiritus', 'C', 420000, 6744, 'Sancti Spiritus');
INSERT INTO Province (name, country, population, area, capital) VALUES ('Santiago de Cuba', 'C', 968000, 6170, 'Santiago de Cuba');
INSERT INTO Province (name, country, population, area, capital) VALUES ('Villa Clara', 'C', 796000, 8662, 'Santa Clara');
INSERT INTO Province (name, country, population, area, capital) VALUES ('Isla de la Juventud', 'C', 71000, 2396, 'Nueva Gerona');
INSERT INTO Province (name, country, population, area, capital) VALUES ('Atlantida', 'HCA', 263700, 4251, 'La Ceiba');
INSERT INTO Province (name, country, population, area, capital) VALUES ('Colon', 'HCA', 167900, 8875, 'Trujillo');
INSERT INTO Province (name, country, population, area, capital) VALUES ('Comayagua', 'HCA', 267000, 5196, 'Comayagua');
INSERT INTO Province (name, country, population, area, capital) VALUES ('Copan', 'HCA', 241400, 3203, 'Santa Rosa de Copan');
INSERT INTO Province (name, country, population, area, capital) VALUES ('Cortes', 'HCA', 732600, 3954, 'San Pedro Sula');
INSERT INTO Province (name, country, population, area, capital) VALUES ('Choluteca', 'HCA', 326100, 4211, 'Choluteca');
INSERT INTO Province (name, country, population, area, capital) VALUES ('El Paraiso', 'HCA', 284100, 7218, 'Yuscaran');
INSERT INTO Province (name, country, population, area, capital) VALUES ('Francisco Morazan', 'HCA', 908300, 7946, 'Tegucigalpa');
INSERT INTO Province (name, country, population, area, capital) VALUES ('Gracias a Dios', 'HCA', 39000, 16630, 'Puerto Lempira');
INSERT INTO Province (name, country, population, area, capital) VALUES ('Intibuca', 'HCA', 137800, 3072, 'La Esperanza');
INSERT INTO Province (name, country, population, area, capital) VALUES ('Islas de la Bahia', 'HCA', 24500, 261, 'Roatan');
INSERT INTO Province (name, country, population, area, capital) VALUES ('La Paz', 'HCA', 117400, 2331, 'La Paz');
INSERT INTO Province (name, country, population, area, capital) VALUES ('Lempira', 'HCA', 194600, 4290, 'Gracias');
INSERT INTO Province (name, country, population, area, capital) VALUES ('Ocotepeque', 'HCA', 81800, 1680, 'Ocotepeque');
INSERT INTO Province (name, country, population, area, capital) VALUES ('Olancho', 'HCA', 318000, 24351, 'Jutigalpa');
INSERT INTO Province (name, country, population, area, capital) VALUES ('Santa Barbara', 'HCA', 307500, 5113, 'Santa Barbara');
INSERT INTO Province (name, country, population, area, capital) VALUES ('Valle', 'HCA', 130900, 1565, 'Nacaome');
INSERT INTO Province (name, country, population, area, capital) VALUES ('Yoro', 'HCA', 370700, 7939, 'Yoro');
INSERT INTO Province (name, country, population, area, capital) VALUES ('Amazonas', 'CO', 39937, 109665, 'Leticia');
INSERT INTO Province (name, country, population, area, capital) VALUES ('Antioquia', 'CO', 4067207, 63612, 'Medellin');
INSERT INTO Province (name, country, population, area, capital) VALUES ('Arauca', 'CO', 89972, 23818, 'Arauca');
INSERT INTO Province (name, country, population, area, capital) VALUES ('Atlantico', 'CO', 1478213, 3388, 'Barranquilla');
INSERT INTO Province (name, country, population, area, capital) VALUES ('Bolivar', 'CO', 1288985, 25978, 'Cartagena');
INSERT INTO Province (name, country, population, area, capital) VALUES ('Boyaca', 'CO', 1209739, 23189, 'Tunja');
INSERT INTO Province (name, country, population, area, capital) VALUES ('Caldas', 'CO', 883024, 7888, 'Manizales');
INSERT INTO Province (name, country, population, area, capital) VALUES ('Caqueta', 'CO', 264507, 88965, 'Florencia');
INSERT INTO Province (name, country, population, area, capital) VALUES ('Casanare', 'CO', 147472, 44640, 'Yopal');
INSERT INTO Province (name, country, population, area, capital) VALUES ('Cauca', 'CO', 857751, 29308, 'Popayan');
INSERT INTO Province (name, country, population, area, capital) VALUES ('Cesar', 'CO', 699428, 22905, 'Valledupar');
INSERT INTO Province (name, country, population, area, capital) VALUES ('Choco', 'CO', 313567, 46530, 'Quibdo');
INSERT INTO Province (name, country, population, area, capital) VALUES ('Cordoba', 'CO', 1013247, 25020, 'Monteria');
INSERT INTO Province (name, country, population, area, capital) VALUES ('Cundinamarca', 'CO', 1512928, 22623, 'Bogota');
INSERT INTO Province (name, country, population, area, capital) VALUES ('Guainia', 'CO', 12345, 72238, 'Puerto Inirida');
INSERT INTO Province (name, country, population, area, capital) VALUES ('Guajira (La)', 'CO', 299995, 20848, 'Riohacha');
INSERT INTO Province (name, country, population, area, capital) VALUES ('Guaviare', 'CO', 47073, 42327, 'San Jose del Guaviare');
INSERT INTO Province (name, country, population, area, capital) VALUES ('Huila', 'CO', 693712, 19890, 'Neiva');
INSERT INTO Province (name, country, population, area, capital) VALUES ('Magdalena', 'CO', 890934, 23188, 'Santa Marta');
INSERT INTO Province (name, country, population, area, capital) VALUES ('Meta', 'CO', 474046, 85635, 'Villavicencio');
INSERT INTO Province (name, country, population, area, capital) VALUES ('Narino', 'CO', 1085173, 33268, 'Pasto');
INSERT INTO Province (name, country, population, area, capital) VALUES ('Norte de Santander', 'CO', 913491, 21658, 'Cucuta');
INSERT INTO Province (name, country, population, area, capital) VALUES ('Putumayo', 'CO', 174219, 24885, 'Mocoa');
INSERT INTO Province (name, country, population, area, capital) VALUES ('Quindio', 'CO', 392208, 1845, 'Armenia');
INSERT INTO Province (name, country, population, area, capital) VALUES ('Risaralda', 'CO', 652872, 4140, 'Pereira');
INSERT INTO Province (name, country, population, area, capital) VALUES ('San Andres y Providencia', 'CO', 35818, 44, 'San Andres');
INSERT INTO Province (name, country, population, area, capital) VALUES ('Santa Fe de Bogota (DC)', 'CO', 4236490, 1587, 'Bogota');
INSERT INTO Province (name, country, population, area, capital) VALUES ('Santander del Sur', 'CO', 1511392, 30537, 'Bucaramanga');
INSERT INTO Province (name, country, population, area, capital) VALUES ('Sucre', 'CO', 561649, 10917, 'Sincelejo');
INSERT INTO Province (name, country, population, area, capital) VALUES ('Tolima', 'CO', 1142220, 23562, 'Ibague');
INSERT INTO Province (name, country, population, area, capital) VALUES ('Valle de Cauca', 'CO', 3027247, 22140, 'Cali');
INSERT INTO Province (name, country, population, area, capital) VALUES ('Vaupes', 'CO', 26178, 65268, 'Mitu');
INSERT INTO Province (name, country, population, area, capital) VALUES ('Vichada', 'CO', 18702, 100242, 'Puerto Carreno');
INSERT INTO Province (name, country, population, area, capital) VALUES ('New South Wales', 'AUS', 6115100, 801428, 'Sydney');
INSERT INTO Province (name, country, population, area, capital) VALUES ('Northern Territory', 'AUS', 173878, 1346200, 'Darwin');
INSERT INTO Province (name, country, population, area, capital) VALUES ('Queensland', 'AUS', 3277000, 1727000, 'Brisbane');
INSERT INTO Province (name, country, population, area, capital) VALUES ('South Australia', 'AUS', 1474000, 984377, 'Adelaide');
INSERT INTO Province (name, country, population, area, capital) VALUES ('Tasmania', 'AUS', 473022, 67800, 'Hobart');
INSERT INTO Province (name, country, population, area, capital) VALUES ('Victoria', 'AUS', 4502200, 227600, 'Melbourne');
INSERT INTO Province (name, country, population, area, capital) VALUES ('Western Australia', 'AUS', 1731700, 2525500, 'Perth');
INSERT INTO Province (name, country, population, area, capital) VALUES ('Australia Capital Territory', 'AUS', 304100, 2452, 'Canberra');
INSERT INTO Province (name, country, population, area, capital) VALUES ('Buenos Aires', 'RA', 12594974, 307571, 'La Plata');
INSERT INTO Province (name, country, population, area, capital) VALUES ('Catamarca', 'RA', 264324, 102602, 'San Fernando del Valle de Catamarca');
INSERT INTO Province (name, country, population, area, capital) VALUES ('Chaco', 'RA', 839677, 99633, 'Resistencia');
INSERT INTO Province (name, country, population, area, capital) VALUES ('Chubut', 'RA', 357189, 224686, 'Rawson');
INSERT INTO Province (name, country, population, area, capital) VALUES ('Cordoba', 'RA', 2766683, 165321, 'Cordoba');
INSERT INTO Province (name, country, population, area, capital) VALUES ('Corrientes', 'RA', 795594, 88199, 'Corrientes');
INSERT INTO Province (name, country, population, area, capital) VALUES ('Entre Rios', 'RA', 1020257, 78781, 'Parana');
INSERT INTO Province (name, country, population, area, capital) VALUES ('Formosa', 'RA', 398413, 72066, 'Formosa');
INSERT INTO Province (name, country, population, area, capital) VALUES ('Jujuy', 'RA', 512329, 53219, 'San Salvador de Jujuy');
INSERT INTO Province (name, country, population, area, capital) VALUES ('La Pampa', 'RA', 259996, 143440, 'Santa Rosa');
INSERT INTO Province (name, country, population, area, capital) VALUES ('La Rioja', 'RA', 220729, 89680, 'La Rioja');
INSERT INTO Province (name, country, population, area, capital) VALUES ('Mendoza', 'RA', 1412481, 148827, 'Mendoza');
INSERT INTO Province (name, country, population, area, capital) VALUES ('Misiones', 'RA', 788915, 29801, 'Posadas');
INSERT INTO Province (name, country, population, area, capital) VALUES ('Neuquen', 'RA', 388833, 94078, 'Neuquen');
INSERT INTO Province (name, country, population, area, capital) VALUES ('Rio Negro', 'RA', 506772, 203013, 'Viedma');
INSERT INTO Province (name, country, population, area, capital) VALUES ('Salta', 'RA', 866153, 155488, 'Salta');
INSERT INTO Province (name, country, population, area, capital) VALUES ('San Juan', 'RA', 528715, 89651, 'San Juan');
INSERT INTO Province (name, country, population, area, capital) VALUES ('San Luis', 'RA', 286458, 76748, 'San Luis');
INSERT INTO Province (name, country, population, area, capital) VALUES ('Santa Cruz', 'RA', 159839, 243943, 'Rio Gallegos');
INSERT INTO Province (name, country, population, area, capital) VALUES ('Santa Fe', 'RA', 2798422, 133007, 'Santa Fe');
INSERT INTO Province (name, country, population, area, capital) VALUES ('Santiago de Estero', 'RA', 671988, 136351, 'Santiago del Estero');
INSERT INTO Province (name, country, population, area, capital) VALUES ('Tierra del Fuego', 'RA', 69369, 21571, 'Ushuaia');
INSERT INTO Province (name, country, population, area, capital) VALUES ('Tucuman', 'RA', 1142105, 22524, 'San Miguel de Tucuman');
INSERT INTO Province (name, country, population, area, capital) VALUES ('Distrito Federal', 'RA', 2965403, 200, 'Buenos Aires');
INSERT INTO Province (name, country, population, area, capital) VALUES ('Acre', 'BR', 483483, 153149, 'Rio Branco');
INSERT INTO Province (name, country, population, area, capital) VALUES ('Alagoas', 'BR', 2637843, 27933, 'Maceio');
INSERT INTO Province (name, country, population, area, capital) VALUES ('Amapa', 'BR', 373994, 143453, 'Macapa');
INSERT INTO Province (name, country, population, area, capital) VALUES ('Amazonas', 'BR', 2390102, 1577820, 'Manaus');
INSERT INTO Province (name, country, population, area, capital) VALUES ('Bahia', 'BR', 12531895, 567295, 'Salvador');
INSERT INTO Province (name, country, population, area, capital) VALUES ('Ceara', 'BR', 6803567, 146348, 'Fortaleza');
INSERT INTO Province (name, country, population, area, capital) VALUES ('Espirito Santo', 'BR', 2786126, 46184, 'Vitoria');
INSERT INTO Province (name, country, population, area, capital) VALUES ('Goias', 'BR', 4501538, 341289, 'Goiania');
INSERT INTO Province (name, country, population, area, capital) VALUES ('Maranhao', 'BR', 5218442, 333365, 'Sao Luis');
INSERT INTO Province (name, country, population, area, capital) VALUES ('Mato Grosso', 'BR', 2227983, 906806, 'Cuiaba');
INSERT INTO Province (name, country, population, area, capital) VALUES ('Mato Grosso do Sul', 'BR', 1922258, 358158, 'Campo Grande');
INSERT INTO Province (name, country, population, area, capital) VALUES ('Minas Gerais', 'BR', 16660691, 588383, 'Belo Horizonte');
INSERT INTO Province (name, country, population, area, capital) VALUES ('Para', 'BR', 5522783, 1253164, 'Belem');
INSERT INTO Province (name, country, population, area, capital) VALUES ('Paraiba', 'BR', 3305562, 56584, 'Joao Pessoa');
INSERT INTO Province (name, country, population, area, capital) VALUES ('Parana', 'BR', 8985981, 199709, 'Curitiba');
INSERT INTO Province (name, country, population, area, capital) VALUES ('Pernambuco', 'BR', 7404559, 98937, 'Recife');
INSERT INTO Province (name, country, population, area, capital) VALUES ('Piaui', 'BR', 2676098, 252378, 'Teresina');
INSERT INTO Province (name, country, population, area, capital) VALUES ('Rio de Janeiro', 'BR', 13316455, 43909, 'Rio de Janeiro');
INSERT INTO Province (name, country, population, area, capital) VALUES ('Rio Grande do Norte', 'BR', 2556939, 53306, 'Natal');
INSERT INTO Province (name, country, population, area, capital) VALUES ('Rio Grande do Sul', 'BR', 9623003, 282062, 'Porto Alegre');
INSERT INTO Province (name, country, population, area, capital) VALUES ('Rondonia', 'BR', 1221290, 238512, 'Porto Velho');
INSERT INTO Province (name, country, population, area, capital) VALUES ('Roraima', 'BR', 247724, 225116, 'Boa Vista');
INSERT INTO Province (name, country, population, area, capital) VALUES ('Santa Catarina', 'BR', 4865090, 95442, 'Florianopolis');
INSERT INTO Province (name, country, population, area, capital) VALUES ('Sao Paulo', 'BR', 34055715, 248808, 'Sao Paulo');
INSERT INTO Province (name, country, population, area, capital) VALUES ('Sergipe', 'BR', 1617368, 22050, 'Aracaju');
INSERT INTO Province (name, country, population, area, capital) VALUES ('Tocantins', 'BR', 1049742, 278420, 'Palmas');
INSERT INTO Province (name, country, population, area, capital) VALUES ('Distrito Federal', 'BR', 1817001, 5822, 'Brasilia');
INSERT INTO Province (name, country, population, area, capital) VALUES ('Amazonas', 'PE', 374587, 39249, 'Chachapoyas');
INSERT INTO Province (name, country, population, area, capital) VALUES ('Ancash', 'PE', 1024398, 35825, 'Huaraz');
INSERT INTO Province (name, country, population, area, capital) VALUES ('Apurimac', 'PE', 409630, 20895, 'Abancay');
INSERT INTO Province (name, country, population, area, capital) VALUES ('Arequipa', 'PE', 999851, 63345, 'Arequipa');
INSERT INTO Province (name, country, population, area, capital) VALUES ('Ayacucho', 'PE', 517397, 43814, 'Ayacucho');
INSERT INTO Province (name, country, population, area, capital) VALUES ('Cajamarca', 'PE', 1349129, 33247, 'Cajamarca');
INSERT INTO Province (name, country, population, area, capital) VALUES ('Callao', 'PE', 701022, 146, 'Callao');
INSERT INTO Province (name, country, population, area, capital) VALUES ('Cuzco', 'PE', 1107473, 71891, 'Cuzco');
INSERT INTO Province (name, country, population, area, capital) VALUES ('Huancavelica', 'PE', 413136, 22131, 'Huancavelica');
INSERT INTO Province (name, country, population, area, capital) VALUES ('Huanuco', 'PE', 722669, 36938, 'Huanuco');
INSERT INTO Province (name, country, population, area, capital) VALUES ('Ica', 'PE', 608609, 21327, 'Ica');
INSERT INTO Province (name, country, population, area, capital) VALUES ('Junin', 'PE', 1132448, 44409, 'Huancayo');
INSERT INTO Province (name, country, population, area, capital) VALUES ('La Libertad', 'PE', 1366125, 25569, 'Trujillo');
INSERT INTO Province (name, country, population, area, capital) VALUES ('Lambayeque', 'PE', 1009655, 14231, 'Chiclayo');
INSERT INTO Province (name, country, population, area, capital) VALUES ('Lima', 'PE', 6941672, 34801, 'Lima');
INSERT INTO Province (name, country, population, area, capital) VALUES ('Loreto', 'PE', 789235, 368851, 'Iquitos');
INSERT INTO Province (name, country, population, area, capital) VALUES ('Madre de Dios', 'PE', 74306, 85182, 'Puerto Maldonado');
INSERT INTO Province (name, country, population, area, capital) VALUES ('Moquegua', 'PE', 137747, 15733, 'Moquegua');
INSERT INTO Province (name, country, population, area, capital) VALUES ('Pasco', 'PE', 243366, 25319, 'Cerro de Pasco');
INSERT INTO Province (name, country, population, area, capital) VALUES ('Piura', 'PE', 1468337, 35892, 'Piura');
INSERT INTO Province (name, country, population, area, capital) VALUES ('Puno', 'PE', 1144151, 71999, 'Puno');
INSERT INTO Province (name, country, population, area, capital) VALUES ('San Martin', 'PE', 627781, 51253, 'Moyobamba');
INSERT INTO Province (name, country, population, area, capital) VALUES ('Tacna', 'PE', 245843, 16075, 'Tacna');
INSERT INTO Province (name, country, population, area, capital) VALUES ('Tumbes', 'PE', 173616, 4669, 'Tumbes');
INSERT INTO Province (name, country, population, area, capital) VALUES ('Ucayali', 'PE', 364596, 102410, 'Pucallpa');
INSERT INTO Province (name, country, population, area, capital) VALUES ('Amazonas', 'YV', 94590, 175750, 'Puerto Ayacucho');
INSERT INTO Province (name, country, population, area, capital) VALUES ('Anzoategui', 'YV', 1034311, 43300, 'Barcelona');
INSERT INTO Province (name, country, population, area, capital) VALUES ('Apure', 'YV', 382572, 76500, 'San Fernando');
INSERT INTO Province (name, country, population, area, capital) VALUES ('Aragua', 'YV', 1344099, 7014, 'Maracay');
INSERT INTO Province (name, country, population, area, capital) VALUES ('Barinas', 'YV', 519197, 35200, 'Barinas');
INSERT INTO Province (name, country, population, area, capital) VALUES ('Bolivar', 'YV', 1142210, 238000, 'Ciudad Bolivar');
INSERT INTO Province (name, country, population, area, capital) VALUES ('Carabobo', 'YV', 1823767, 4650, 'Valencia');
INSERT INTO Province (name, country, population, area, capital) VALUES ('Cojedes', 'YV', 227741, 14800, 'San Carlos');
INSERT INTO Province (name, country, population, area, capital) VALUES ('Delta Amacuro', 'YV', 114390, 40200, 'Tucupita');
INSERT INTO Province (name, country, population, area, capital) VALUES ('Falcon', 'YV', 699232, 24800, 'Coro');
INSERT INTO Province (name, country, population, area, capital) VALUES ('Guarico', 'YV', 583221, 64986, 'San Juan');
INSERT INTO Province (name, country, population, area, capital) VALUES ('Lara', 'YV', 1430968, 19800, 'Barquisimeto');
INSERT INTO Province (name, country, population, area, capital) VALUES ('Merida', 'YV', 680503, 11300, 'Merida');
INSERT INTO Province (name, country, population, area, capital) VALUES ('Miranda', 'YV', 2303302, 7950, 'Los Teques');
INSERT INTO Province (name, country, population, area, capital) VALUES ('Monagas', 'YV', 555705, 28900, 'Maturin');
INSERT INTO Province (name, country, population, area, capital) VALUES ('Nueva Esparta', 'YV', 330307, 1150, 'La Ascuncion');
INSERT INTO Province (name, country, population, area, capital) VALUES ('Portuguesa', 'YV', 720865, 15200, 'Guanare');
INSERT INTO Province (name, country, population, area, capital) VALUES ('Sucre', 'YV', 781756, 11800, 'Cumana');
INSERT INTO Province (name, country, population, area, capital) VALUES ('Tachira', 'YV', 946949, 11100, 'San Cristobal');
INSERT INTO Province (name, country, population, area, capital) VALUES ('Trujillo', 'YV', 562752, 7400, 'Trujillo');
INSERT INTO Province (name, country, population, area, capital) VALUES ('Yaracuy', 'YV', 466152, 7100, 'San Felipe');
INSERT INTO Province (name, country, population, area, capital) VALUES ('Zulia', 'YV', 2820250, 63100, 'Maracaibo');
INSERT INTO Province (name, country, population, area, capital) VALUES ('Distrito Federal', 'YV', 2279677, 1930, 'Caracas');
INSERT INTO Province (name, country, population, area, capital) VALUES ('Cabinda', 'ANG', 163000, 7270, 'Cabinda');
INSERT INTO Province (name, country, population, area, capital) VALUES ('Zaire', 'ANG', 192000, 40130, 'Mbanza Congo');
INSERT INTO Province (name, country, population, area, capital) VALUES ('Uige', 'ANG', 837000, 58698, 'Uige');
INSERT INTO Province (name, country, population, area, capital) VALUES ('Luanda', 'ANG', 1629000, 2418, 'Luanda');
INSERT INTO Province (name, country, population, area, capital) VALUES ('Cuanza Norte', 'ANG', 378000, 24110, 'Ndalatando');
INSERT INTO Province (name, country, population, area, capital) VALUES ('Cuanza Sul', 'ANG', 651000, 55660, 'Sumbe');
INSERT INTO Province (name, country, population, area, capital) VALUES ('Malanje', 'ANG', 892000, 87246, 'Malanje');
INSERT INTO Province (name, country, population, area, capital) VALUES ('Lunda Norte', 'ANG', 292000, 102783, 'Lucapa');
INSERT INTO Province (name, country, population, area, capital) VALUES ('Lunda Sul', 'ANG', 155000, 56985, 'Saurimo');
INSERT INTO Province (name, country, population, area, capital) VALUES ('Benguela', 'ANG', 644000, 31788, 'Benguela');
INSERT INTO Province (name, country, population, area, capital) VALUES ('Huambo', 'ANG', 1524000, 34274, 'Huambo');
INSERT INTO Province (name, country, population, area, capital) VALUES ('Bie', 'ANG', 1125000, 70314, 'Bie');
INSERT INTO Province (name, country, population, area, capital) VALUES ('Moxico', 'ANG', 316000, 223023, 'Luena');
INSERT INTO Province (name, country, population, area, capital) VALUES ('Cuando Cubango', 'ANG', 130000, 199049, 'Menongue');
INSERT INTO Province (name, country, population, area, capital) VALUES ('Namibe', 'ANG', 115000, 58137, 'Namibe');
INSERT INTO Province (name, country, population, area, capital) VALUES ('Huila', 'ANG', 869000, 75002, 'Lubango');
INSERT INTO Province (name, country, population, area, capital) VALUES ('Bengo', 'ANG', 166000, 31371, 'Caxito');
INSERT INTO Province (name, country, population, area, capital) VALUES ('Cunene', 'ANG', 232000, 88342, 'Ngiva');
INSERT INTO Province (name, country, population, area, capital) VALUES ('Bandundu', 'ZRE', 4644758, 295658, 'Bandundu');
INSERT INTO Province (name, country, population, area, capital) VALUES ('Bas Zaire', 'ZRE', 2158595, 53920, 'Matadi');
INSERT INTO Province (name, country, population, area, capital) VALUES ('Equateur', 'ZRE', 3960187, 403293, 'Mbandaka');
INSERT INTO Province (name, country, population, area, capital) VALUES ('Haut Zaire', 'ZRE', 5119750, 503239, 'Kisangani');
INSERT INTO Province (name, country, population, area, capital) VALUES ('Kasai Occidental', 'ZRE', 3465756, 156967, 'Kananga');
INSERT INTO Province (name, country, population, area, capital) VALUES ('Kasai Oriental', 'ZRE', 2859220, 168216, 'Mbuji Mayi');
INSERT INTO Province (name, country, population, area, capital) VALUES ('Kivu', 'ZRE', 5232442, 256662, 'Bukavu');
INSERT INTO Province (name, country, population, area, capital) VALUES ('Shaba/Katanga', 'ZRE', 4452618, 496965, 'Lubumbashi');
INSERT INTO Province (name, country, population, area, capital) VALUES ('Kinshasa', 'ZRE', 2778281, 9965, 'Kinshasa');
INSERT INTO Province (name, country, population, area, capital) VALUES ('Central', 'Z', 722400, 94395, 'Kabwe');
INSERT INTO Province (name, country, population, area, capital) VALUES ('Copperbelt', 'Z', 1866400, 31328, 'Ndola');
INSERT INTO Province (name, country, population, area, capital) VALUES ('Eastern', 'Z', 826100, 69106, 'Chipata');
INSERT INTO Province (name, country, population, area, capital) VALUES ('Luapula', 'Z', 526300, 50567, 'Mansa');
INSERT INTO Province (name, country, population, area, capital) VALUES ('Lusaka', 'Z', 1151300, 21896, 'Lusaka');
INSERT INTO Province (name, country, population, area, capital) VALUES ('Northern', 'Z', 832700, 147826, 'Kasama');
INSERT INTO Province (name, country, population, area, capital) VALUES ('Northwestern', 'Z', 396100, 125827, 'Solwezi');
INSERT INTO Province (name, country, population, area, capital) VALUES ('Southern', 'Z', 906900, 85283, 'Livingstone');
INSERT INTO Province (name, country, population, area, capital) VALUES ('Western', 'Z', 575500, 126386, 'Mongu');
INSERT INTO Province (name, country, population, area, capital) VALUES ('Eastern Cape', 'RSA', 5865000, 170616, 'Bisho');
INSERT INTO Province (name, country, population, area, capital) VALUES ('Free State', 'RSA', 2470000, 129437, 'Bloemfontein');
INSERT INTO Province (name, country, population, area, capital) VALUES ('Gauteng', 'RSA', 7171300, 18760, 'Johannesburg');
INSERT INTO Province (name, country, population, area, capital) VALUES ('Kwazulu Natal', 'RSA', 7672000, 91481, 'Pietermaritzburg');
INSERT INTO Province (name, country, population, area, capital) VALUES ('Mpumalanga', 'RSA', 2646000, 81816, 'Nelspruit');
INSERT INTO Province (name, country, population, area, capital) VALUES ('Northern Cape', 'RSA', 746000, 363389, 'Kimberley');
INSERT INTO Province (name, country, population, area, capital) VALUES ('Limpopo', 'RSA', 4128000, 119606, 'Pietersburg');
INSERT INTO Province (name, country, population, area, capital) VALUES ('North West', 'RSA', 3043000, 118710, 'Mmabatho');
INSERT INTO Province (name, country, population, area, capital) VALUES ('Western Cape', 'RSA', 4118000, 129386, 'Cape Town');
INSERT INTO Province (name, country, population, area, capital) VALUES ('Dodoma', 'EAT', 1237800, 41311, 'Dodoma');
INSERT INTO Province (name, country, population, area, capital) VALUES ('Arusha', 'EAT', 1351700, 82306, 'Arusha');
INSERT INTO Province (name, country, population, area, capital) VALUES ('Kilimanjaro', 'EAT', 1108700, 13309, 'Moshi');
INSERT INTO Province (name, country, population, area, capital) VALUES ('Tanga', 'EAT', 1283600, 26808, 'Tanga');
INSERT INTO Province (name, country, population, area, capital) VALUES ('Morogoro', 'EAT', 1222700, 70799, 'Morogoro');
INSERT INTO Province (name, country, population, area, capital) VALUES ('Pwani', 'EAT', 638000, 32407, 'Dar es Salaam');
INSERT INTO Province (name, country, population, area, capital) VALUES ('Daressalam', 'EAT', 1360900, 1393, 'Dar es Salaam');
INSERT INTO Province (name, country, population, area, capital) VALUES ('Lindi', 'EAT', 646600, 66046, 'Lindi');
INSERT INTO Province (name, country, population, area, capital) VALUES ('Mtwara', 'EAT', 889500, 16707, 'Mtwara Mikandani');
INSERT INTO Province (name, country, population, area, capital) VALUES ('Ruvuma', 'EAT', 783300, 63498, 'Songea');
INSERT INTO Province (name, country, population, area, capital) VALUES ('Iringa', 'EAT', 1208900, 58864, 'Iringa');
INSERT INTO Province (name, country, population, area, capital) VALUES ('Mbeya', 'EAT', 1476200, 60350, 'Mbeya');
INSERT INTO Province (name, country, population, area, capital) VALUES ('Singida', 'EAT', 791800, 49341, 'Singida');
INSERT INTO Province (name, country, population, area, capital) VALUES ('Tabora', 'EAT', 1036300, 76151, 'Tabora');
INSERT INTO Province (name, country, population, area, capital) VALUES ('Rukwa', 'EAT', 684000, 68635, 'Sumbawanga');
INSERT INTO Province (name, country, population, area, capital) VALUES ('Kigoma', 'EAT', 854800, 37037, 'Kigoma Ujiji');
INSERT INTO Province (name, country, population, area, capital) VALUES ('Shinyanga', 'EAT', 1772500, 50781, 'Shinyanga');
INSERT INTO Province (name, country, population, area, capital) VALUES ('Kagera', 'EAT', 1326200, 28388, 'Bukoba');
INSERT INTO Province (name, country, population, area, capital) VALUES ('Mwanza', 'EAT', 1878300, 19592, 'Mwanza');
INSERT INTO Province (name, country, population, area, capital) VALUES ('Mara', 'EAT', 970900, 19566, 'Musoma');
INSERT INTO Province (name, country, population, area, capital) VALUES ('Kaskazini Ujunga', 'EAT', 97000, 470, 'Mkokotoni');
INSERT INTO Province (name, country, population, area, capital) VALUES ('Kusini Ujunga', 'EAT', 70200, 854, 'Koani');
INSERT INTO Province (name, country, population, area, capital) VALUES ('Mjini Magharibi', 'EAT', 208300, 230, 'Zanzibar');
INSERT INTO Province (name, country, population, area, capital) VALUES ('Kaskazini Pemba', 'EAT', 137400, 574, 'Wete');
INSERT INTO Province (name, country, population, area, capital) VALUES ('Kusini Pemba', 'EAT', 127600, 332, 'Chake Cahke');
INSERT INTO Province (name, country, population, area, capital) VALUES ('Adamaoua', 'CAM', 495200, 63691, 'Ngaoundere');
INSERT INTO Province (name, country, population, area, capital) VALUES ('Centre', 'CAM', 1651600, 68926, 'Yaounde');
INSERT INTO Province (name, country, population, area, capital) VALUES ('Est', 'CAM', 517200, 109011, 'Bertoua');
INSERT INTO Province (name, country, population, area, capital) VALUES ('Nord extreme', 'CAM', 1855700, 34246, 'Maroua');
INSERT INTO Province (name, country, population, area, capital) VALUES ('Cote/Littoral', 'CAM', 1354800, 20239, 'Douala');
INSERT INTO Province (name, country, population, area, capital) VALUES ('Nord', 'CAM', 832200, 65576, 'Garoua');
INSERT INTO Province (name, country, population, area, capital) VALUES ('Nordoueste', 'CAM', 1237300, 17810, 'Bamenda');
INSERT INTO Province (name, country, population, area, capital) VALUES ('Ouest', 'CAM', 1339800, 13872, 'Bafoussam');
INSERT INTO Province (name, country, population, area, capital) VALUES ('Sud', 'CAM', 373800, 47110, 'Ebolowa');
INSERT INTO Province (name, country, population, area, capital) VALUES ('Sudoueste', 'CAM', 838000, 24471, 'Buea');
INSERT INTO Province (name, country, population, area, capital) VALUES ('Aali an Nil', 'SUD', 1599605, 238792, 'Malakal');
INSERT INTO Province (name, country, population, area, capital) VALUES ('Bahr al Ghazal', 'SUD', 2265510, 200894, 'Waw');
INSERT INTO Province (name, country, population, area, capital) VALUES ('Darfur', 'SUD', 3093699, 508684, 'al Fasher');
INSERT INTO Province (name, country, population, area, capital) VALUES ('al Istiwaiyah', 'SUD', 1406181, 197969, 'Juba');
INSERT INTO Province (name, country, population, area, capital) VALUES ('al Khartum', 'SUD', 1802299, 28165, 'Khartoum');
INSERT INTO Province (name, country, population, area, capital) VALUES ('Kurdufan', 'SUD', 3093294, 380255, 'al Ubayyid');
INSERT INTO Province (name, country, population, area, capital) VALUES ('ash Shamaliyah', 'SUD', 1083024, 476040, 'ad Damir');
INSERT INTO Province (name, country, population, area, capital) VALUES ('ash Sharqiyah', 'SUD', 2208209, 334074, 'Kassala');
INSERT INTO Province (name, country, population, area, capital) VALUES ('Nil al Asraq', 'SUD', 4012543, 139017, 'Wad Madani');
INSERT INTO Province (name, country, population, area, capital) VALUES ('Central', 'EAK', 3110000, 13176, 'Nyeri');
INSERT INTO Province (name, country, population, area, capital) VALUES ('Coast', 'EAK', 1880000, 83603, 'Mombasa');
INSERT INTO Province (name, country, population, area, capital) VALUES ('Eastern', 'EAK', 3724000, 159891, 'Embu');
INSERT INTO Province (name, country, population, area, capital) VALUES ('Nairobi', 'EAK', 1346000, 684, 'Nairobi');
INSERT INTO Province (name, country, population, area, capital) VALUES ('North Eastern', 'EAK', 372000, 126090, 'Garissa');
INSERT INTO Province (name, country, population, area, capital) VALUES ('Nyanza', 'EAK', 3558000, 16162, 'Kisumu');
INSERT INTO Province (name, country, population, area, capital) VALUES ('Rift Valley', 'EAK', 4894000, 173868, 'Nakuru');
INSERT INTO Province (name, country, population, area, capital) VALUES ('Western', 'EAK', 2543000, 8360, 'Kakamega');
INSERT INTO Province (name, country, population, area, capital) VALUES ('Dakar', 'SN', 1490500, 550, 'Dakar');
INSERT INTO Province (name, country, population, area, capital) VALUES ('Diourbel', 'SN', 619700, 4359, 'Diourbel');
INSERT INTO Province (name, country, population, area, capital) VALUES ('Fatick', 'SN', 476000, 7935, 'Fatick');
INSERT INTO Province (name, country, population, area, capital) VALUES ('Kaolack', 'SN', 816400, 16010, 'Kaolack');
INSERT INTO Province (name, country, population, area, capital) VALUES ('Kolda', 'SN', 606800, 21011, 'Kolda');
INSERT INTO Province (name, country, population, area, capital) VALUES ('Louga', 'SN', 490400, 29188, 'Louga');
INSERT INTO Province (name, country, population, area, capital) VALUES ('Saint Louis', 'SN', 680200, 44127, 'Saint Louis');
INSERT INTO Province (name, country, population, area, capital) VALUES ('Tambacounda', 'SN', 370000, 59602, 'Tambacounda');
INSERT INTO Province (name, country, population, area, capital) VALUES ('Thies', 'SN', 948100, 6601, 'Thies');
INSERT INTO Province (name, country, population, area, capital) VALUES ('Ziguinchor', 'SN', 394700, 7339, 'Ziguinchor');
INSERT INTO Province (name, country, population, area, capital) VALUES ('Antsiranana', 'RM', 689800, 43046, 'Antsiranana');
INSERT INTO Province (name, country, population, area, capital) VALUES ('Antananarivo', 'RM', 3195800, 58283, 'Antananarivo');
INSERT INTO Province (name, country, population, area, capital) VALUES ('Fianarantsoa', 'RM', 2209700, 102373, 'Fianarantsoa');
INSERT INTO Province (name, country, population, area, capital) VALUES ('Mahajanga', 'RM', 1075300, 150023, 'Majunga');
INSERT INTO Province (name, country, population, area, capital) VALUES ('Toamasina', 'RM', 1444700, 71911, 'Tamatave');
INSERT INTO Province (name, country, population, area, capital) VALUES ('Toliara', 'RM', 1396700, 161405, 'Toliara');
INSERT INTO Province (name, country, population, area, capital) VALUES ('Cabo Delgado', 'MOC', 1202200, 82625, 'Pemba');
INSERT INTO Province (name, country, population, area, capital) VALUES ('Gaza', 'MOC', 1401500, 75709, 'Xai Xai');
INSERT INTO Province (name, country, population, area, capital) VALUES ('Inhambane', 'MOC', 1157000, 68615, 'Inhambane');
INSERT INTO Province (name, country, population, area, capital) VALUES ('Manica', 'MOC', 609500, 61661, 'Chimoio');
INSERT INTO Province (name, country, population, area, capital) VALUES ('Maputo', 'MOC', 840800, 25756, 'Maputo');
INSERT INTO Province (name, country, population, area, capital) VALUES ('Nampula', 'MOC', 2841400, 81606, 'Nampula');
INSERT INTO Province (name, country, population, area, capital) VALUES ('Niassa', 'MOC', 686700, 129055, 'Lichinga');
INSERT INTO Province (name, country, population, area, capital) VALUES ('Sofala', 'MOC', 1427500, 68018, 'Beira');
INSERT INTO Province (name, country, population, area, capital) VALUES ('Tete', 'MOC', 734600, 100724, 'Tete');
INSERT INTO Province (name, country, population, area, capital) VALUES ('Zambezia', 'MOC', 2619300, 105008, 'Quelimane');
INSERT INTO Province (name, country, population, area, capital) VALUES ('Maputo (munic.)', 'MOC', 931600, 602, 'Maputo');

-- INSERT : Mountain
INSERT INTO Mountain (name, mountains, height) VALUES ('Ben Nevis', 'Grampians', 1344);
INSERT INTO Mountain (name, mountains, height) VALUES ('Feldberg', 'Schwarzwald', 1493);
INSERT INTO Mountain (name, mountains, height) VALUES ('Brocken', 'Harz', 1141);
INSERT INTO Mountain (name, mountains, height) VALUES ('Grosser Arber', 'Bayrischer Wald', 1456);
INSERT INTO Mountain (name, mountains, height) VALUES ('Zugspitze', 'Alps', 2963);
INSERT INTO Mountain (name, mountains, height) VALUES ('Mont Blanc', 'Alps', 4808);
INSERT INTO Mountain (name, mountains, height) VALUES ('Barre des Ecrins', 'Alps', 4101);
INSERT INTO Mountain (name, mountains, height) VALUES ('GrandCombin', 'Alps', 4314);
INSERT INTO Mountain (name, mountains, height) VALUES ('Matterhorn', 'Alps', 4478);
INSERT INTO Mountain (name, mountains, height) VALUES ('Monte Rosa', 'Alps', 4634);
INSERT INTO Mountain (name, mountains, height) VALUES ('Finsteraarhorn', 'Alps', 4274);
INSERT INTO Mountain (name, mountains, height) VALUES ('GranParadiso', 'Alps', 4061);
INSERT INTO Mountain (name, mountains, height) VALUES ('Piz Bernina', 'Alps', 4048);
INSERT INTO Mountain (name, mountains, height) VALUES ('Crap_Sogn_Gion', 'Alps', 2228);
INSERT INTO Mountain (name, mountains, height) VALUES ('Marmolata', 'Alps', 3343);
INSERT INTO Mountain (name, mountains, height) VALUES ('Grossglockner', 'Alps', 3797);
INSERT INTO Mountain (name, mountains, height) VALUES ('Hochgolling', 'Alps', 2862);
INSERT INTO Mountain (name, mountains, height) VALUES ('Grand Ballon', 'Vosges', 1424);
INSERT INTO Mountain (name, mountains, height) VALUES ('Puy De Dome', 'Cevennes', 1465);
INSERT INTO Mountain (name, mountains, height) VALUES ('Puy de Sancy', 'Cevennes', 1885);
INSERT INTO Mountain (name, mountains, height) VALUES ('Vignemale', 'Pyrenees', 3298);
INSERT INTO Mountain (name, mountains, height) VALUES ('Pico de Aneto', 'Pyrenees', 3404);
INSERT INTO Mountain (name, mountains, height) VALUES ('Torre de Cerredo', 'Cordillera Cantabrica', 2648);
INSERT INTO Mountain (name, mountains, height) VALUES ('Pico de Almanzor', 'Cordillera Central', 2648);
INSERT INTO Mountain (name, mountains, height) VALUES ('Moncayo', 'Cordillera Iberica', 2313);
INSERT INTO Mountain (name, mountains, height) VALUES ('Mulhacen', 'Cordillera Betica', 3482);
INSERT INTO Mountain (name, mountains, height) VALUES ('Torre de Estrela', 'Cordillera Central', 1993);
INSERT INTO Mountain (name, mountains, height) VALUES ('Monte Cinto', 'Corse', 2706);
INSERT INTO Mountain (name, mountains, height) VALUES ('Gran Sasso', 'Apennin', 2912);
INSERT INTO Mountain (name, mountains, height) VALUES ('Monte Falterona', 'Apennin', 1654);
INSERT INTO Mountain (name, mountains, height) VALUES ('Schneekoppe', 'Sudety Mountains', 1602);
INSERT INTO Mountain (name, mountains, height) VALUES ('GerlachovskyStit', 'Beskides', 2655);
INSERT INTO Mountain (name, mountains, height) VALUES ('Moldoveanu', 'Karpaten', 2544);
INSERT INTO Mountain (name, mountains, height) VALUES ('Musala', 'Balkan', 2925);
INSERT INTO Mountain (name, mountains, height) VALUES ('Jezerce', 'Balkan', 2694);
INSERT INTO Mountain (name, mountains, height) VALUES ('Korab', 'Balkan', 2751);
INSERT INTO Mountain (name, mountains, height) VALUES ('Psiloritis', 'Crete', 2456);
INSERT INTO Mountain (name, mountains, height) VALUES ('Olympos', 'Troodos', 1952);
INSERT INTO Mountain (name, mountains, height) VALUES ('Pico de Teide', 'Canary Islands', 3718);
INSERT INTO Mountain (name, mountains, height) VALUES ('Pico de los Nieves', 'Canary Islands', 1949);
INSERT INTO Mountain (name, mountains, height) VALUES ('Roque de los Muchachos', 'Canary Islands', 2426);
INSERT INTO Mountain (name, mountains, height) VALUES ('Pico Ruivo', 'Madeira', 1861);
INSERT INTO Mountain (name, mountains, height) VALUES ('Pico', 'Azores', 2351);
INSERT INTO Mountain (name, mountains, height) VALUES ('Fogo', 'Cape Verdes', 2829);
INSERT INTO Mountain (name, mountains, height) VALUES ('Tubkhal', 'Atlas', 4165);
INSERT INTO Mountain (name, mountains, height) VALUES ('Djebel Aures', 'Rif', 2456);
INSERT INTO Mountain (name, mountains, height) VALUES ('Tahat', 'Ahaggar', 3003);
INSERT INTO Mountain (name, mountains, height) VALUES ('Tamgak', 'Azbine', 1800);
INSERT INTO Mountain (name, mountains, height) VALUES ('Mont Greboun', 'Azbine', 1944);
INSERT INTO Mountain (name, mountains, height) VALUES ('Emi Kussi', 'Tibesti', 3415);
INSERT INTO Mountain (name, mountains, height) VALUES ('Jabal Marra', 'Darfur', 3088);
INSERT INTO Mountain (name, mountains, height) VALUES ('Jabal Katrina', 'Sinai', 2637);
INSERT INTO Mountain (name, mountains, height) VALUES ('Ras Daschan Terara', 'Amhara', 4533);
INSERT INTO Mountain (name, mountains, height) VALUES ('Ruwenzori', 'East African Rift', 5109);
INSERT INTO Mountain (name, mountains, height) VALUES ('Elgon', 'East African Rift', 4321);
INSERT INTO Mountain (name, mountains, height) VALUES ('Kenia', 'East African Rift', 5199);
INSERT INTO Mountain (name, mountains, height) VALUES ('Kilimanjaro', 'East African Rift', 5895);
INSERT INTO Mountain (name, mountains, height) VALUES ('Mawenzi', 'East African Rift', 5148);
INSERT INTO Mountain (name, mountains, height) VALUES ('Meru', 'East African Rift', 4567);
INSERT INTO Mountain (name, mountains, height) VALUES ('Karisimbi', 'East African Rift', 4507);
INSERT INTO Mountain (name, mountains, height) VALUES ('Thabana Ntlenyana', 'Drakensberge', 3482);
INSERT INTO Mountain (name, mountains, height) VALUES ('Cathkin Peak', 'Drakensberge', 3181);
INSERT INTO Mountain (name, mountains, height) VALUES ('Narodnaja', 'Ural', 1895);
INSERT INTO Mountain (name, mountains, height) VALUES ('Demirkazik', 'Taurus', 3756);
INSERT INTO Mountain (name, mountains, height) VALUES ('Ararat', 'Kurdistan', 5165);
INSERT INTO Mountain (name, mountains, height) VALUES ('Jabal Lubnan', 'Lebanon', 3088);
INSERT INTO Mountain (name, mountains, height) VALUES ('Elbrus', 'Kaukasus', 5642);
INSERT INTO Mountain (name, mountains, height) VALUES ('Kasbek', 'Kaukasus', 5033);
INSERT INTO Mountain (name, mountains, height) VALUES ('Damavand', 'Elburs', 5610);
INSERT INTO Mountain (name, mountains, height) VALUES ('Sabalan', 'Kurdistan', 4811);
INSERT INTO Mountain (name, mountains, height) VALUES ('Zard Kuh', 'Zagros', 4550);
INSERT INTO Mountain (name, mountains, height) VALUES ('Dodabetta', 'West Ghats', 2636);
INSERT INTO Mountain (name, mountains, height) VALUES ('Bjelucha', 'Altai', 4506);
INSERT INTO Mountain (name, mountains, height) VALUES ('Pik Chan-Tengri', 'Tien Shan', 6995);
INSERT INTO Mountain (name, mountains, height) VALUES ('Pik Pobeda', 'Tien Shan', 7439);
INSERT INTO Mountain (name, mountains, height) VALUES ('Pik Kommunizma', 'Pamir', 7494);
INSERT INTO Mountain (name, mountains, height) VALUES ('Pik Lenina', 'Pamir', 7134);
INSERT INTO Mountain (name, mountains, height) VALUES ('Pik Revoluzija', 'Pamir', 6974);
INSERT INTO Mountain (name, mountains, height) VALUES ('Pik Moskva', 'Pamir', 6785);
INSERT INTO Mountain (name, mountains, height) VALUES ('Pik Karl-Marx', 'Pamir', 6726);
INSERT INTO Mountain (name, mountains, height) VALUES ('Tirich Mir', 'Hindukusch', 7690);
INSERT INTO Mountain (name, mountains, height) VALUES ('K2', 'Karakorum', 8611);
INSERT INTO Mountain (name, mountains, height) VALUES ('Gasherbrum II', 'Karakorum', 8034);
INSERT INTO Mountain (name, mountains, height) VALUES ('Gasherbrum I', 'Karakorum', 8080);
INSERT INTO Mountain (name, mountains, height) VALUES ('Broad Peak', 'Karakorum', 8051);
INSERT INTO Mountain (name, mountains, height) VALUES ('Nanga Parbat', 'Karakorum', 8125);
INSERT INTO Mountain (name, mountains, height) VALUES ('Nanda Devi', 'Himalaya', 7816);
INSERT INTO Mountain (name, mountains, height) VALUES ('Dhaulagiri', 'Himalaya', 8167);
INSERT INTO Mountain (name, mountains, height) VALUES ('Annapurna', 'Himalaya', 8091);
INSERT INTO Mountain (name, mountains, height) VALUES ('Manaslu', 'Himalaya', 8163);
INSERT INTO Mountain (name, mountains, height) VALUES ('Shishapangma', 'Himalaya', 8027);
INSERT INTO Mountain (name, mountains, height) VALUES ('Kailash', 'Transhimalaya', 6714);
INSERT INTO Mountain (name, mountains, height) VALUES ('Cho Oyu', 'Himalaya', 8188);
INSERT INTO Mountain (name, mountains, height) VALUES ('Mount Everest', 'Himalaya', 8848);
INSERT INTO Mountain (name, mountains, height) VALUES ('Lhotse', 'Himalaya', 8516);
INSERT INTO Mountain (name, mountains, height) VALUES ('Makalu', 'Himalaya', 8485);
INSERT INTO Mountain (name, mountains, height) VALUES ('Kangchendzonga', 'Himalaya', 8586);
INSERT INTO Mountain (name, mountains, height) VALUES ('Kljutschewskaja Sopka', 'Kamchatka', 4750);
INSERT INTO Mountain (name, mountains, height) VALUES ('Changbai Shan', 'Changbai', 2744);
INSERT INTO Mountain (name, mountains, height) VALUES ('Puncak Jaya', 'Sudirman Range', 4884);
INSERT INTO Mountain (name, mountains, height) VALUES ('Mauna Kea', 'Hawaii', 4214);
INSERT INTO Mountain (name, mountains, height) VALUES ('Mauna Loa', 'Hawaii', 4170);
INSERT INTO Mountain (name, mountains, height) VALUES ('Haleakala', 'Hawaii', 3055);
INSERT INTO Mountain (name, mountains, height) VALUES ('Mt. Kosciuszko', 'Snowy Mountains', 2228);
INSERT INTO Mountain (name, mountains, height) VALUES ('Mt. Bogong', 'Snowy Mountains', 1986);
INSERT INTO Mountain (name, mountains, height) VALUES ('Mt. Cook', 'New Zealand Alps', 3754);
INSERT INTO Mountain (name, mountains, height) VALUES ('Mt Redoubt', 'Aleutian Range', 3108);
INSERT INTO Mountain (name, mountains, height) VALUES ('Mt McKinley', 'Alaska Range', 6193);
INSERT INTO Mountain (name, mountains, height) VALUES ('Mt Blackburn', 'Wrangell Mountains', 4996);
INSERT INTO Mountain (name, mountains, height) VALUES ('Mt Bona', 'Elias Range', 5005);
INSERT INTO Mountain (name, mountains, height) VALUES ('Mt St.Elias', 'Elias Range', 5489);
INSERT INTO Mountain (name, mountains, height) VALUES ('Mt Logan', 'Elias Range', 5959);
INSERT INTO Mountain (name, mountains, height) VALUES ('Mt Fairweather', 'Elias Range', 4663);
INSERT INTO Mountain (name, mountains, height) VALUES ('Mt Waddington', 'Coast Mountains', 4019);
INSERT INTO Mountain (name, mountains, height) VALUES ('Mt Robson', 'Rocky Mountains', 3954);
INSERT INTO Mountain (name, mountains, height) VALUES ('Mt Columbia', 'Rocky Mountains', 3747);
INSERT INTO Mountain (name, mountains, height) VALUES ('Barbeau Peak', 'British Empire Range', 2616);
INSERT INTO Mountain (name, mountains, height) VALUES ('Mt. Odin', 'Penny Highlands', 2147);
INSERT INTO Mountain (name, mountains, height) VALUES ('Granite Peak', 'Rocky Mountains', 3901);
INSERT INTO Mountain (name, mountains, height) VALUES ('Borah Peak', 'Rocky Mountains', 3859);
INSERT INTO Mountain (name, mountains, height) VALUES ('Harney Peak', 'Rocky Mountains', 2207);
INSERT INTO Mountain (name, mountains, height) VALUES ('Gannett Peak', 'Rocky Mountains', 4207);
INSERT INTO Mountain (name, mountains, height) VALUES ('Kings Peak', 'Rocky Mountains', 4123);
INSERT INTO Mountain (name, mountains, height) VALUES ('Mt Elbert', 'Rocky Mountains', 4401);
INSERT INTO Mountain (name, mountains, height) VALUES ('Pikes Peak', 'Rocky Mountains', 4302);
INSERT INTO Mountain (name, mountains, height) VALUES ('Wheeler Peak', 'Rocky Mountains', 4011);
INSERT INTO Mountain (name, mountains, height) VALUES ('Humphreys Peak', 'Rocky Mountains', 3850);
INSERT INTO Mountain (name, mountains, height) VALUES ('Guadalupe Peak', 'Rocky Mountains', 2667);
INSERT INTO Mountain (name, mountains, height) VALUES ('Mt Rainier', 'Cascade Range', 4392);
INSERT INTO Mountain (name, mountains, height) VALUES ('Mt Adams', 'Cascade Range', 3743);
INSERT INTO Mountain (name, mountains, height) VALUES ('Mt Hood', 'Cascade Range', 3424);
INSERT INTO Mountain (name, mountains, height) VALUES ('Mt Whitney', 'Sierra Nevada California', 4418);
INSERT INTO Mountain (name, mountains, height) VALUES ('Boundary Peak', 'Sierra Nevada California', 4006);
INSERT INTO Mountain (name, mountains, height) VALUES ('Mt Washington', 'Appalachen', 1917);
INSERT INTO Mountain (name, mountains, height) VALUES ('Mt Marcy', 'Adirondacks', 1629);
INSERT INTO Mountain (name, mountains, height) VALUES ('Mt Mitchell', 'Appalachen', 2037);
INSERT INTO Mountain (name, mountains, height) VALUES ('Clingmans Dome', 'Appalachen', 2025);
INSERT INTO Mountain (name, mountains, height) VALUES ('Citlaltepetl (Pico de Orizaba)', 'Cordillera Volcanica', 5700);
INSERT INTO Mountain (name, mountains, height) VALUES ('Popocatepetl', 'Cordillera Volcanica', 5450);
INSERT INTO Mountain (name, mountains, height) VALUES ('Iztaccihuatl', 'Cordillera Volcanica', 5286);
INSERT INTO Mountain (name, mountains, height) VALUES ('Nevado de Toluca', 'Cordillera Volcanica', 4558);
INSERT INTO Mountain (name, mountains, height) VALUES ('Nevado de Colima', 'Cordillera Volcanica', 4330);
INSERT INTO Mountain (name, mountains, height) VALUES ('Tajumulco', 'Sierra Madre', 4220);
INSERT INTO Mountain (name, mountains, height) VALUES ('Irazu', 'Cordillera de Talamanca', 3432);
INSERT INTO Mountain (name, mountains, height) VALUES ('Cerro Chirripo', 'Cordillera de Talamanca', 3819);
INSERT INTO Mountain (name, mountains, height) VALUES ('Pico Turquino', 'Sierra Maestra', 1974);
INSERT INTO Mountain (name, mountains, height) VALUES ('Pico Cristobal Colon', 'Sierra Nevada de Santa Marta', 5775);
INSERT INTO Mountain (name, mountains, height) VALUES ('Pico Bolivar', 'Andes', 4981);
INSERT INTO Mountain (name, mountains, height) VALUES ('Nevado del Ruiz', 'Andes', 5389);
INSERT INTO Mountain (name, mountains, height) VALUES ('Nevado del Huila', 'Andes', 5750);
INSERT INTO Mountain (name, mountains, height) VALUES ('Cayambe', 'Andes', 5796);
INSERT INTO Mountain (name, mountains, height) VALUES ('Cotopaxi', 'Andes', 5897);
INSERT INTO Mountain (name, mountains, height) VALUES ('Chimborazo', 'Andes', 6287);
INSERT INTO Mountain (name, mountains, height) VALUES ('Huascaran', 'Cordillera Blanca', 6768);
INSERT INTO Mountain (name, mountains, height) VALUES ('Alpamayo', 'Cordillera Blanca', 5947);
INSERT INTO Mountain (name, mountains, height) VALUES ('Pico Rocarre', 'Cordillera Negra', 5187);
INSERT INTO Mountain (name, mountains, height) VALUES ('Ausangate', 'Cordillera Vilcanota', 6336);
INSERT INTO Mountain (name, mountains, height) VALUES ('Coropuna', 'Cordillera Volcanica', 6425);
INSERT INTO Mountain (name, mountains, height) VALUES ('Ampato', 'Andes', 6288);
INSERT INTO Mountain (name, mountains, height) VALUES ('Illampu', 'Cordillera Real', 6368);
INSERT INTO Mountain (name, mountains, height) VALUES ('Illimani', 'Cordillera Real', 6439);
INSERT INTO Mountain (name, mountains, height) VALUES ('Sajama', 'Andes', 6542);
INSERT INTO Mountain (name, mountains, height) VALUES ('Licancabur', 'Andes', 5920);
INSERT INTO Mountain (name, mountains, height) VALUES ('Llullaillaco', 'Andes', 6739);
INSERT INTO Mountain (name, mountains, height) VALUES ('Ojos del Salado', 'Andes', 6893);
INSERT INTO Mountain (name, mountains, height) VALUES ('Monte Pissis', 'Andes', 6795);
INSERT INTO Mountain (name, mountains, height) VALUES ('Aconcagua', 'Andes', 6962);
INSERT INTO Mountain (name, mountains, height) VALUES ('Tupungato', 'Andes', 6550);
INSERT INTO Mountain (name, mountains, height) VALUES ('Pico de Agulhas Negras', 'Brazilian Highlands', 2791);

-- INSERT : GeoMountain
INSERT INTO GeoMountain (mountain, country, province) VALUES ('Oeraefajoekull', 'IS', 'Iceland');
INSERT INTO GeoMountain (mountain, country, province) VALUES ('Snoefell', 'IS', 'Iceland');
INSERT INTO GeoMountain (mountain, country, province) VALUES ('Haltiatunturi', 'SF', 'Lappia');
INSERT INTO GeoMountain (mountain, country, province) VALUES ('Kebnekaise', 'S', 'Norrbotten');
INSERT INTO GeoMountain (mountain, country, province) VALUES ('Sarektjokko', 'S', 'Norrbotten');
INSERT INTO GeoMountain (mountain, country, province) VALUES ('Portefjaellen', 'S', 'Norrbotten');
INSERT INTO GeoMountain (mountain, country, province) VALUES ('Tarrekaise', 'S', 'Norrbotten');
INSERT INTO GeoMountain (mountain, country, province) VALUES ('Sulitjelma', 'N', 'Nordland');
INSERT INTO GeoMountain (mountain, country, province) VALUES ('Sulitjelma', 'S', 'Norrbotten');
INSERT INTO GeoMountain (mountain, country, province) VALUES ('Galdhoeppig', 'N', 'Oppland');
INSERT INTO GeoMountain (mountain, country, province) VALUES ('Jostedalsbre', 'N', 'Sogn og Fjordane');
INSERT INTO GeoMountain (mountain, country, province) VALUES ('Glittertind', 'N', 'Oppland');
INSERT INTO GeoMountain (mountain, country, province) VALUES ('Joekul', 'N', 'Hordaland');
INSERT INTO GeoMountain (mountain, country, province) VALUES ('Snoehetta', 'N', 'Oppland');
INSERT INTO GeoMountain (mountain, country, province) VALUES ('Ben Nevis', 'GB', 'Highland');
INSERT INTO GeoMountain (mountain, country, province) VALUES ('Feldberg', 'D', 'Baden Wurttemberg');
INSERT INTO GeoMountain (mountain, country, province) VALUES ('Brocken', 'D', 'Sachsen Anhalt');
INSERT INTO GeoMountain (mountain, country, province) VALUES ('Grosser Arber', 'D', 'Bayern');
INSERT INTO GeoMountain (mountain, country, province) VALUES ('Zugspitze', 'D', 'Bayern');
INSERT INTO GeoMountain (mountain, country, province) VALUES ('Zugspitze', 'A', 'Tyrol');
INSERT INTO GeoMountain (mountain, country, province) VALUES ('Mont Blanc', 'F', 'Rhone Alpes');
INSERT INTO GeoMountain (mountain, country, province) VALUES ('Mont Blanc', 'I', 'Valle dAosta');
INSERT INTO GeoMountain (mountain, country, province) VALUES ('Barre des Ecrins', 'F', 'Rhone Alpes');
INSERT INTO GeoMountain (mountain, country, province) VALUES ('GrandCombin', 'CH', 'VS');
INSERT INTO GeoMountain (mountain, country, province) VALUES ('Matterhorn', 'I', 'Valle dAosta');
INSERT INTO GeoMountain (mountain, country, province) VALUES ('Matterhorn', 'CH', 'VS');
INSERT INTO GeoMountain (mountain, country, province) VALUES ('Monte Rosa', 'I', 'Valle dAosta');
INSERT INTO GeoMountain (mountain, country, province) VALUES ('Monte Rosa', 'I', 'Lombardia');
INSERT INTO GeoMountain (mountain, country, province) VALUES ('Monte Rosa', 'CH', 'VS');
INSERT INTO GeoMountain (mountain, country, province) VALUES ('Finsteraarhorn', 'CH', 'BE');
INSERT INTO GeoMountain (mountain, country, province) VALUES ('Finsteraarhorn', 'CH', 'VS');
INSERT INTO GeoMountain (mountain, country, province) VALUES ('GranParadiso', 'I', 'Piemonte');
INSERT INTO GeoMountain (mountain, country, province) VALUES ('GranParadiso', 'I', 'Valle dAosta');
INSERT INTO GeoMountain (mountain, country, province) VALUES ('Piz Bernina', 'I', 'Lombardia');
INSERT INTO GeoMountain (mountain, country, province) VALUES ('Piz Bernina', 'CH', 'GR');
INSERT INTO GeoMountain (mountain, country, province) VALUES ('Crap_Sogn_Gion', 'CH', 'GR');
INSERT INTO GeoMountain (mountain, country, province) VALUES ('Marmolata', 'I', 'Trentino Alto Adige');
INSERT INTO GeoMountain (mountain, country, province) VALUES ('Marmolata', 'I', 'Veneto');
INSERT INTO GeoMountain (mountain, country, province) VALUES ('Grossglockner', 'A', 'Carinthia');
INSERT INTO GeoMountain (mountain, country, province) VALUES ('Hochgolling', 'A', 'Styria');
INSERT INTO GeoMountain (mountain, country, province) VALUES ('Hochgolling', 'A', 'Salzburg');
INSERT INTO GeoMountain (mountain, country, province) VALUES ('Grand Ballon', 'F', 'Alsace');
INSERT INTO GeoMountain (mountain, country, province) VALUES ('Grand Ballon', 'F', 'Lorraine');
INSERT INTO GeoMountain (mountain, country, province) VALUES ('Puy De Dome', 'F', 'Auvergne');
INSERT INTO GeoMountain (mountain, country, province) VALUES ('Puy de Sancy', 'F', 'Auvergne');
INSERT INTO GeoMountain (mountain, country, province) VALUES ('Vignemale', 'F', 'Midi Pyrenees');
INSERT INTO GeoMountain (mountain, country, province) VALUES ('Vignemale', 'E', 'Aragon');
INSERT INTO GeoMountain (mountain, country, province) VALUES ('Pico de Aneto', 'E', 'Aragon');
INSERT INTO GeoMountain (mountain, country, province) VALUES ('Torre de Cerredo', 'E', 'Asturias');
INSERT INTO GeoMountain (mountain, country, province) VALUES ('Torre de Cerredo', 'E', 'Castile and Leon');
INSERT INTO GeoMountain (mountain, country, province) VALUES ('Pico de Almanzor', 'E', 'Castile and Leon');
INSERT INTO GeoMountain (mountain, country, province) VALUES ('Moncayo', 'E', 'Aragon');
INSERT INTO GeoMountain (mountain, country, province) VALUES ('Moncayo', 'E', 'Castile and Leon');
INSERT INTO GeoMountain (mountain, country, province) VALUES ('Mulhacen', 'E', 'Andalusia');
INSERT INTO GeoMountain (mountain, country, province) VALUES ('Torre de Estrela', 'P', 'Guarda');
INSERT INTO GeoMountain (mountain, country, province) VALUES ('Monte Cinto', 'F', 'Corse');
INSERT INTO GeoMountain (mountain, country, province) VALUES ('Gran Sasso', 'I', 'Abruzzo');
INSERT INTO GeoMountain (mountain, country, province) VALUES ('Monte Falterona', 'I', 'Emilia Romagna');
INSERT INTO GeoMountain (mountain, country, province) VALUES ('Monte Falterona', 'I', 'Toscana');
INSERT INTO GeoMountain (mountain, country, province) VALUES ('Vesuv', 'I', 'Campania');
INSERT INTO GeoMountain (mountain, country, province) VALUES ('Etna', 'I', 'Sicilia');
INSERT INTO GeoMountain (mountain, country, province) VALUES ('Schneekoppe', 'CZ', 'Vychodocesky');
INSERT INTO GeoMountain (mountain, country, province) VALUES ('Schneekoppe', 'PL', 'Walbrzyskie');
INSERT INTO GeoMountain (mountain, country, province) VALUES ('GerlachovskyStit', 'SK', 'Slovakia');
INSERT INTO GeoMountain (mountain, country, province) VALUES ('Moldoveanu', 'RO', 'Arges');
INSERT INTO GeoMountain (mountain, country, province) VALUES ('Moldoveanu', 'RO', 'Brasov');
INSERT INTO GeoMountain (mountain, country, province) VALUES ('Moldoveanu', 'RO', 'Sibiu');
INSERT INTO GeoMountain (mountain, country, province) VALUES ('Musala', 'BG', 'Bulgaria');
INSERT INTO GeoMountain (mountain, country, province) VALUES ('Jezerce', 'AL', 'Albania');
INSERT INTO GeoMountain (mountain, country, province) VALUES ('Korab', 'AL', 'Albania');
INSERT INTO GeoMountain (mountain, country, province) VALUES ('Korab', 'MK', 'Macedonia');
INSERT INTO GeoMountain (mountain, country, province) VALUES ('Olymp', 'GR', 'Kedriki Makedhonia');
INSERT INTO GeoMountain (mountain, country, province) VALUES ('Olymp', 'GR', 'Thessalia');
INSERT INTO GeoMountain (mountain, country, province) VALUES ('Psiloritis', 'GR', 'Kriti');
INSERT INTO GeoMountain (mountain, country, province) VALUES ('Olympos', 'CY', 'Cyprus');
INSERT INTO GeoMountain (mountain, country, province) VALUES ('Pico de Teide', 'E', 'Canary Islands');
INSERT INTO GeoMountain (mountain, country, province) VALUES ('Pico de los Nieves', 'E', 'Canary Islands');
INSERT INTO GeoMountain (mountain, country, province) VALUES ('Roque de los Muchachos', 'E', 'Canary Islands');
INSERT INTO GeoMountain (mountain, country, province) VALUES ('Pico Ruivo', 'P', 'Madeira');
INSERT INTO GeoMountain (mountain, country, province) VALUES ('Pico', 'P', 'Azores');
INSERT INTO GeoMountain (mountain, country, province) VALUES ('Fogo', 'CV', 'Cape Verde');
INSERT INTO GeoMountain (mountain, country, province) VALUES ('Tubkhal', 'MA', 'Morocco');
INSERT INTO GeoMountain (mountain, country, province) VALUES ('Djebel Aures', 'MA', 'Morocco');
INSERT INTO GeoMountain (mountain, country, province) VALUES ('Tahat', 'DZ', 'Algeria');
INSERT INTO GeoMountain (mountain, country, province) VALUES ('Tamgak', 'RN', 'Niger');
INSERT INTO GeoMountain (mountain, country, province) VALUES ('Mont Greboun', 'RN', 'Niger');
INSERT INTO GeoMountain (mountain, country, province) VALUES ('Emi Kussi', 'TCH', 'Chad');
INSERT INTO GeoMountain (mountain, country, province) VALUES ('Jabal Marra', 'SUD', 'Darfur');
INSERT INTO GeoMountain (mountain, country, province) VALUES ('Jabal Katrina', 'ET', 'Sina al Janubiyah');
INSERT INTO GeoMountain (mountain, country, province) VALUES ('Fako', 'CAM', 'Sudoueste');
INSERT INTO GeoMountain (mountain, country, province) VALUES ('Pico Basile', 'GQ', 'Equatorial Guinea');
INSERT INTO GeoMountain (mountain, country, province) VALUES ('Pico de Sao Tome', 'STP', 'Sao Tome and Principe');
INSERT INTO GeoMountain (mountain, country, province) VALUES ('Queen Marys Peak', 'HELX', 'Saint Helena');
INSERT INTO GeoMountain (mountain, country, province) VALUES ('Ras Daschan Terara', 'ETH', 'Ethiopia');
INSERT INTO GeoMountain (mountain, country, province) VALUES ('Ruwenzori', 'ZRE', 'Kivu');
INSERT INTO GeoMountain (mountain, country, province) VALUES ('Ruwenzori', 'EAU', 'Uganda');
INSERT INTO GeoMountain (mountain, country, province) VALUES ('Elgon', 'EAK', 'Western');
INSERT INTO GeoMountain (mountain, country, province) VALUES ('Elgon', 'EAU', 'Uganda');
INSERT INTO GeoMountain (mountain, country, province) VALUES ('Kenia', 'EAK', 'Eastern');
INSERT INTO GeoMountain (mountain, country, province) VALUES ('Kilimanjaro', 'EAT', 'Kilimanjaro');
INSERT INTO GeoMountain (mountain, country, province) VALUES ('Mawenzi', 'EAT', 'Kilimanjaro');
INSERT INTO GeoMountain (mountain, country, province) VALUES ('Meru', 'EAT', 'Arusha');
INSERT INTO GeoMountain (mountain, country, province) VALUES ('Karisimbi', 'ZRE', 'Kivu');
INSERT INTO GeoMountain (mountain, country, province) VALUES ('Karisimbi', 'RWA', 'Rwanda');
INSERT INTO GeoMountain (mountain, country, province) VALUES ('Thabana Ntlenyana', 'LS', 'Lesotho');
INSERT INTO GeoMountain (mountain, country, province) VALUES ('Cathkin Peak', 'RSA', 'Kwazulu Natal');
INSERT INTO GeoMountain (mountain, country, province) VALUES ('Tsaratanana', 'RM', 'Antsiranana');
INSERT INTO GeoMountain (mountain, country, province) VALUES ('Tsiafajavona', 'RM', 'Antananarivo');
INSERT INTO GeoMountain (mountain, country, province) VALUES ('Andringitra', 'RM', 'Fianarantsoa');
INSERT INTO GeoMountain (mountain, country, province) VALUES ('Piton des Neiges', 'REUN', 'Reunion');
INSERT INTO GeoMountain (mountain, country, province) VALUES ('Piton de la Fournaise', 'REUN', 'Reunion');
INSERT INTO GeoMountain (mountain, country, province) VALUES ('Narodnaja', 'R', 'Rep. of Komi');
INSERT INTO GeoMountain (mountain, country, province) VALUES ('Demirkazik', 'TR', 'Nigde');
INSERT INTO GeoMountain (mountain, country, province) VALUES ('Ararat', 'TR', 'Agri');
INSERT INTO GeoMountain (mountain, country, province) VALUES ('Jabal Lubnan', 'RL', 'Lebanon');
INSERT INTO GeoMountain (mountain, country, province) VALUES ('Elbrus', 'R', 'Kabardino Balkar Rep.');
INSERT INTO GeoMountain (mountain, country, province) VALUES ('Kasbek', 'R', 'Rep. of North Ossetiya');
INSERT INTO GeoMountain (mountain, country, province) VALUES ('Kasbek', 'GE', 'Georgia');
INSERT INTO GeoMountain (mountain, country, province) VALUES ('Damavand', 'IR', 'Mazandaran');
INSERT INTO GeoMountain (mountain, country, province) VALUES ('Sabalan', 'IR', 'Azarbayian e Sharqi');
INSERT INTO GeoMountain (mountain, country, province) VALUES ('Zard Kuh', 'IR', 'Chahar Mahal e Bakhtiari');
INSERT INTO GeoMountain (mountain, country, province) VALUES ('Jabal Shuayb', 'YE', 'Yemen');
INSERT INTO GeoMountain (mountain, country, province) VALUES ('Dodabetta', 'IND', 'Tamil Nadu');
INSERT INTO GeoMountain (mountain, country, province) VALUES ('Pidurutalagala', 'CL', 'Sri Lanka');
INSERT INTO GeoMountain (mountain, country, province) VALUES ('Zhima', 'R', 'Rep. of Buryatiya');
INSERT INTO GeoMountain (mountain, country, province) VALUES ('Bjelucha', 'R', 'Rep. of Altay');
INSERT INTO GeoMountain (mountain, country, province) VALUES ('Bjelucha', 'KAZ', 'Shyghys Qazaqstan');
INSERT INTO GeoMountain (mountain, country, province) VALUES ('Pik Chan-Tengri', 'KGZ', 'Kyrgyzstan');
INSERT INTO GeoMountain (mountain, country, province) VALUES ('Pik Pobeda', 'TJ', 'Xinjiang Uygur');
INSERT INTO GeoMountain (mountain, country, province) VALUES ('Pik Pobeda', 'KGZ', 'Kyrgyzstan');
INSERT INTO GeoMountain (mountain, country, province) VALUES ('Pik Kommunizma', 'TAD', 'Badakhshoni Kuni');
INSERT INTO GeoMountain (mountain, country, province) VALUES ('Pik Lenina', 'TAD', 'Badakhshoni Kuni');
INSERT INTO GeoMountain (mountain, country, province) VALUES ('Pik Lenina', 'KGZ', 'Kyrgyzstan');
INSERT INTO GeoMountain (mountain, country, province) VALUES ('Pik Revoluzija', 'TAD', 'Badakhshoni Kuni');
INSERT INTO GeoMountain (mountain, country, province) VALUES ('Pik Moskva', 'TAD', 'Badakhshoni Kuni');
INSERT INTO GeoMountain (mountain, country, province) VALUES ('Pik Karl-Marx', 'TAD', 'Badakhshoni Kuni');
INSERT INTO GeoMountain (mountain, country, province) VALUES ('Tirich Mir', 'AFG', 'Afghanistan');
INSERT INTO GeoMountain (mountain, country, province) VALUES ('K2', 'TJ', 'Xinjiang Uygur');
INSERT INTO GeoMountain (mountain, country, province) VALUES ('K2', 'PK', 'Pakistan');
INSERT INTO GeoMountain (mountain, country, province) VALUES ('Gasherbrum II', 'TJ', 'Xinjiang Uygur');
INSERT INTO GeoMountain (mountain, country, province) VALUES ('Gasherbrum II', 'PK', 'Pakistan');
INSERT INTO GeoMountain (mountain, country, province) VALUES ('Gasherbrum I', 'TJ', 'Xinjiang Uygur');
INSERT INTO GeoMountain (mountain, country, province) VALUES ('Gasherbrum I', 'PK', 'Pakistan');
INSERT INTO GeoMountain (mountain, country, province) VALUES ('Broad Peak', 'TJ', 'Xinjiang Uygur');
INSERT INTO GeoMountain (mountain, country, province) VALUES ('Broad Peak', 'PK', 'Pakistan');
INSERT INTO GeoMountain (mountain, country, province) VALUES ('Nanga Parbat', 'PK', 'Pakistan');
INSERT INTO GeoMountain (mountain, country, province) VALUES ('Nanda Devi', 'IND', 'Uttar Pradesh');
INSERT INTO GeoMountain (mountain, country, province) VALUES ('Dhaulagiri', 'NEP', 'Nepal');
INSERT INTO GeoMountain (mountain, country, province) VALUES ('Annapurna', 'NEP', 'Nepal');
INSERT INTO GeoMountain (mountain, country, province) VALUES ('Manaslu', 'NEP', 'Nepal');
INSERT INTO GeoMountain (mountain, country, province) VALUES ('Shishapangma', 'TJ', 'Tibet');
INSERT INTO GeoMountain (mountain, country, province) VALUES ('Kailash', 'TJ', 'Tibet');
INSERT INTO GeoMountain (mountain, country, province) VALUES ('Cho Oyu', 'TJ', 'Tibet');
INSERT INTO GeoMountain (mountain, country, province) VALUES ('Cho Oyu', 'NEP', 'Nepal');
INSERT INTO GeoMountain (mountain, country, province) VALUES ('Mount Everest', 'TJ', 'Tibet');
INSERT INTO GeoMountain (mountain, country, province) VALUES ('Mount Everest', 'NEP', 'Nepal');
INSERT INTO GeoMountain (mountain, country, province) VALUES ('Lhotse', 'TJ', 'Tibet');
INSERT INTO GeoMountain (mountain, country, province) VALUES ('Lhotse', 'NEP', 'Nepal');
INSERT INTO GeoMountain (mountain, country, province) VALUES ('Makalu', 'TJ', 'Tibet');
INSERT INTO GeoMountain (mountain, country, province) VALUES ('Makalu', 'NEP', 'Nepal');
INSERT INTO GeoMountain (mountain, country, province) VALUES ('Kangchendzonga', 'IND', 'Sikkim');
INSERT INTO GeoMountain (mountain, country, province) VALUES ('Kangchendzonga', 'NEP', 'Nepal');
INSERT INTO GeoMountain (mountain, country, province) VALUES ('Kljutschewskaja Sopka', 'R', 'Kamchatskaya oblast');
INSERT INTO GeoMountain (mountain, country, province) VALUES ('Changbai Shan', 'TJ', 'Jilin');
INSERT INTO GeoMountain (mountain, country, province) VALUES ('Changbai Shan', 'NOK', 'North Korea');
INSERT INTO GeoMountain (mountain, country, province) VALUES ('Asahi-Dake', 'J', 'Hokkaido');
INSERT INTO GeoMountain (mountain, country, province) VALUES ('Fujisan', 'J', 'Yamanashi');
INSERT INTO GeoMountain (mountain, country, province) VALUES ('Fujisan', 'J', 'Shizuoka');
INSERT INTO GeoMountain (mountain, country, province) VALUES ('Hotaka-Dake', 'J', 'Nagano');
INSERT INTO GeoMountain (mountain, country, province) VALUES ('Hotaka-Dake', 'J', 'Gifu');
INSERT INTO GeoMountain (mountain, country, province) VALUES ('Yu Shan', 'RC', 'Taiwan');
INSERT INTO GeoMountain (mountain, country, province) VALUES ('Pulog', 'RP', 'Philippines');
INSERT INTO GeoMountain (mountain, country, province) VALUES ('Pinatubo', 'RP', 'Philippines');
INSERT INTO GeoMountain (mountain, country, province) VALUES ('Mount Apo', 'RP', 'Philippines');
INSERT INTO GeoMountain (mountain, country, province) VALUES ('Kanlaon', 'RP', 'Philippines');
INSERT INTO GeoMountain (mountain, country, province) VALUES ('Mantalingajan', 'RP', 'Philippines');
INSERT INTO GeoMountain (mountain, country, province) VALUES ('Kinabalu', 'MAL', 'Sabah');
INSERT INTO GeoMountain (mountain, country, province) VALUES ('Tahan', 'MAL', 'Kelantan');
INSERT INTO GeoMountain (mountain, country, province) VALUES ('Tahan', 'MAL', 'Pahang');
INSERT INTO GeoMountain (mountain, country, province) VALUES ('Leuser', 'RI', 'Indonesia');
INSERT INTO GeoMountain (mountain, country, province) VALUES ('Kerinci', 'RI', 'Indonesia');
INSERT INTO GeoMountain (mountain, country, province) VALUES ('Krakatau', 'RI', 'Indonesia');
INSERT INTO GeoMountain (mountain, country, province) VALUES ('Merapi', 'RI', 'Indonesia');
INSERT INTO GeoMountain (mountain, country, province) VALUES ('Semeru', 'RI', 'Indonesia');
INSERT INTO GeoMountain (mountain, country, province) VALUES ('Gunung Agung', 'RI', 'Indonesia');
INSERT INTO GeoMountain (mountain, country, province) VALUES ('Rinjani', 'RI', 'Indonesia');
INSERT INTO GeoMountain (mountain, country, province) VALUES ('Tambora', 'RI', 'Indonesia');
INSERT INTO GeoMountain (mountain, country, province) VALUES ('Rantekombola', 'RI', 'Indonesia');
INSERT INTO GeoMountain (mountain, country, province) VALUES ('Tatamailau', 'TL', 'Timor-Leste');
INSERT INTO GeoMountain (mountain, country, province) VALUES ('Gunung Binaiya', 'RI', 'Indonesia');
INSERT INTO GeoMountain (mountain, country, province) VALUES ('Puncak Jaya', 'RI', 'Indonesia');
INSERT INTO GeoMountain (mountain, country, province) VALUES ('Mt. Wilhelm', 'PNG', 'Papua New Guinea');
INSERT INTO GeoMountain (mountain, country, province) VALUES ('Mt. Giluwe', 'PNG', 'Papua New Guinea');
INSERT INTO GeoMountain (mountain, country, province) VALUES ('Mt. Balbi', 'PNG', 'Papua New Guinea');
INSERT INTO GeoMountain (mountain, country, province) VALUES ('Mt.Victoria', 'FJI', 'Fiji');
INSERT INTO GeoMountain (mountain, country, province) VALUES ('Silisili', 'WS', 'Samoa');
INSERT INTO GeoMountain (mountain, country, province) VALUES ('Mont Orohena', 'FPOL', 'French Polynesia');
INSERT INTO GeoMountain (mountain, country, province) VALUES ('Popomanaseu', 'SLB', 'Solomon Islands');
INSERT INTO GeoMountain (mountain, country, province) VALUES ('Mauna Kea', 'USA', 'Hawaii');
INSERT INTO GeoMountain (mountain, country, province) VALUES ('Mauna Loa', 'USA', 'Hawaii');
INSERT INTO GeoMountain (mountain, country, province) VALUES ('Haleakala', 'USA', 'Hawaii');
INSERT INTO GeoMountain (mountain, country, province) VALUES ('Mt. Kosciuszko', 'AUS', 'New South Wales');
INSERT INTO GeoMountain (mountain, country, province) VALUES ('Mt. Bogong', 'AUS', 'Victoria');
INSERT INTO GeoMountain (mountain, country, province) VALUES ('Uluru', 'AUS', 'Northern Territory');
INSERT INTO GeoMountain (mountain, country, province) VALUES ('Mt. Cook', 'NZ', 'New Zealand');
INSERT INTO GeoMountain (mountain, country, province) VALUES ('Ruapehu', 'NZ', 'New Zealand');
INSERT INTO GeoMountain (mountain, country, province) VALUES ('Mt Redoubt', 'USA', 'Alaska');
INSERT INTO GeoMountain (mountain, country, province) VALUES ('Mt McKinley', 'USA', 'Alaska');
INSERT INTO GeoMountain (mountain, country, province) VALUES ('Mt Blackburn', 'USA', 'Alaska');
INSERT INTO GeoMountain (mountain, country, province) VALUES ('Mt Bona', 'CDN', 'Saskatchewan');
INSERT INTO GeoMountain (mountain, country, province) VALUES ('Mt Bona', 'USA', 'Alaska');
INSERT INTO GeoMountain (mountain, country, province) VALUES ('Mt St.Elias', 'CDN', 'Yukon Territory');
INSERT INTO GeoMountain (mountain, country, province) VALUES ('Mt St.Elias', 'USA', 'Alaska');
INSERT INTO GeoMountain (mountain, country, province) VALUES ('Mt Logan', 'CDN', 'Yukon Territory');
INSERT INTO GeoMountain (mountain, country, province) VALUES ('Mt Fairweather', 'CDN', 'British Columbia');
INSERT INTO GeoMountain (mountain, country, province) VALUES ('Mt Fairweather', 'USA', 'Alaska');
INSERT INTO GeoMountain (mountain, country, province) VALUES ('Mt Waddington', 'CDN', 'British Columbia');
INSERT INTO GeoMountain (mountain, country, province) VALUES ('Mt Robson', 'CDN', 'British Columbia');
INSERT INTO GeoMountain (mountain, country, province) VALUES ('Mt Columbia', 'CDN', 'Alberta');
INSERT INTO GeoMountain (mountain, country, province) VALUES ('Mt Columbia', 'CDN', 'British Columbia');
INSERT INTO GeoMountain (mountain, country, province) VALUES ('Barbeau Peak', 'CDN', 'Northwest Territories');
INSERT INTO GeoMountain (mountain, country, province) VALUES ('Mt. Odin', 'CDN', 'Northwest Territories');
INSERT INTO GeoMountain (mountain, country, province) VALUES ('Mt. Babel', 'CDN', 'Quebec');
INSERT INTO GeoMountain (mountain, country, province) VALUES ('Granite Peak', 'USA', 'Montana');
INSERT INTO GeoMountain (mountain, country, province) VALUES ('Borah Peak', 'USA', 'Idaho');
INSERT INTO GeoMountain (mountain, country, province) VALUES ('Harney Peak', 'USA', 'South Dakota');
INSERT INTO GeoMountain (mountain, country, province) VALUES ('Gannett Peak', 'USA', 'Wyoming');
INSERT INTO GeoMountain (mountain, country, province) VALUES ('Kings Peak', 'USA', 'Utah');
INSERT INTO GeoMountain (mountain, country, province) VALUES ('Mt Elbert', 'USA', 'Colorado');
INSERT INTO GeoMountain (mountain, country, province) VALUES ('Pikes Peak', 'USA', 'Colorado');
INSERT INTO GeoMountain (mountain, country, province) VALUES ('Wheeler Peak', 'USA', 'New Mexico');
INSERT INTO GeoMountain (mountain, country, province) VALUES ('Humphreys Peak', 'USA', 'Arizona');
INSERT INTO GeoMountain (mountain, country, province) VALUES ('Guadalupe Peak', 'USA', 'Texas');
INSERT INTO GeoMountain (mountain, country, province) VALUES ('Mt Rainier', 'USA', 'Washington');
INSERT INTO GeoMountain (mountain, country, province) VALUES ('Mt Adams', 'USA', 'Washington');
INSERT INTO GeoMountain (mountain, country, province) VALUES ('Mt Hood', 'USA', 'Oregon');
INSERT INTO GeoMountain (mountain, country, province) VALUES ('Mt Whitney', 'USA', 'California');
INSERT INTO GeoMountain (mountain, country, province) VALUES ('Boundary Peak', 'USA', 'California');
INSERT INTO GeoMountain (mountain, country, province) VALUES ('Boundary Peak', 'USA', 'Nevada');
INSERT INTO GeoMountain (mountain, country, province) VALUES ('Mt Washington', 'USA', 'New Hampshire');
INSERT INTO GeoMountain (mountain, country, province) VALUES ('Mt Marcy', 'USA', 'New York');
INSERT INTO GeoMountain (mountain, country, province) VALUES ('Mt Mitchell', 'USA', 'North Carolina');
INSERT INTO GeoMountain (mountain, country, province) VALUES ('Clingmans Dome', 'USA', 'Tennessee');
INSERT INTO GeoMountain (mountain, country, province) VALUES ('Citlaltepetl (Pico de Orizaba)', 'MEX', 'Puebla');
INSERT INTO GeoMountain (mountain, country, province) VALUES ('Citlaltepetl (Pico de Orizaba)', 'MEX', 'Veracruz');
INSERT INTO GeoMountain (mountain, country, province) VALUES ('Popocatepetl', 'MEX', 'Mexico (Estado de)');
INSERT INTO GeoMountain (mountain, country, province) VALUES ('Popocatepetl', 'MEX', 'Morelos');
INSERT INTO GeoMountain (mountain, country, province) VALUES ('Popocatepetl', 'MEX', 'Puebla');
INSERT INTO GeoMountain (mountain, country, province) VALUES ('Iztaccihuatl', 'MEX', 'Puebla');
INSERT INTO GeoMountain (mountain, country, province) VALUES ('Nevado de Toluca', 'MEX', 'Mexico (Estado de)');
INSERT INTO GeoMountain (mountain, country, province) VALUES ('Nevado de Colima', 'MEX', 'Jalisco');
INSERT INTO GeoMountain (mountain, country, province) VALUES ('Tajumulco', 'GCA', 'Guatemala');
INSERT INTO GeoMountain (mountain, country, province) VALUES ('Concepcion', 'NIC', 'Nicaragua');
INSERT INTO GeoMountain (mountain, country, province) VALUES ('Irazu', 'CR', 'Cartago');
INSERT INTO GeoMountain (mountain, country, province) VALUES ('Cerro Chirripo', 'CR', 'Cartago');
INSERT INTO GeoMountain (mountain, country, province) VALUES ('Cerro Chirripo', 'CR', 'Limon');
INSERT INTO GeoMountain (mountain, country, province) VALUES ('Pico Turquino', 'C', 'Granma');
INSERT INTO GeoMountain (mountain, country, province) VALUES ('Pico Turquino', 'C', 'Santiago de Cuba');
INSERT INTO GeoMountain (mountain, country, province) VALUES ('Blue Mountain Peak', 'JA', 'Jamaica');
INSERT INTO GeoMountain (mountain, country, province) VALUES ('Pico Duarte', 'DOM', 'Dominican Republic');
INSERT INTO GeoMountain (mountain, country, province) VALUES ('Cerro de Punta', 'PR', 'Puerto Rico');
INSERT INTO GeoMountain (mountain, country, province) VALUES ('La Soufriere', 'GUAD', 'Guadeloupe');
INSERT INTO GeoMountain (mountain, country, province) VALUES ('Soufriere Hills', 'MNTS', 'Montserrat');
INSERT INTO GeoMountain (mountain, country, province) VALUES ('Soufriere', 'WV', 'Saint Vincent and the Grenadines');
INSERT INTO GeoMountain (mountain, country, province) VALUES ('Morne Diablotins', 'WD', 'Dominica');
INSERT INTO GeoMountain (mountain, country, province) VALUES ('Pelee', 'MART', 'Martinique');
INSERT INTO GeoMountain (mountain, country, province) VALUES ('Pico Cristobal Colon', 'CO', 'Magdalena');
INSERT INTO GeoMountain (mountain, country, province) VALUES ('Pico Bolivar', 'YV', 'Merida');
INSERT INTO GeoMountain (mountain, country, province) VALUES ('Nevado del Ruiz', 'CO', 'Choco');
INSERT INTO GeoMountain (mountain, country, province) VALUES ('Nevado del Ruiz', 'CO', 'Risaralda');
INSERT INTO GeoMountain (mountain, country, province) VALUES ('Nevado del Huila', 'CO', 'Huila');
INSERT INTO GeoMountain (mountain, country, province) VALUES ('Cayambe', 'EC', 'Ecuador');
INSERT INTO GeoMountain (mountain, country, province) VALUES ('Cotopaxi', 'EC', 'Ecuador');
INSERT INTO GeoMountain (mountain, country, province) VALUES ('Chimborazo', 'EC', 'Ecuador');
INSERT INTO GeoMountain (mountain, country, province) VALUES ('Huascaran', 'PE', 'Ancash');
INSERT INTO GeoMountain (mountain, country, province) VALUES ('Alpamayo', 'PE', 'Ancash');
INSERT INTO GeoMountain (mountain, country, province) VALUES ('Pico Rocarre', 'PE', 'Ancash');
INSERT INTO GeoMountain (mountain, country, province) VALUES ('Ausangate', 'PE', 'Cuzco');
INSERT INTO GeoMountain (mountain, country, province) VALUES ('Coropuna', 'PE', 'Arequipa');
INSERT INTO GeoMountain (mountain, country, province) VALUES ('Ampato', 'PE', 'Arequipa');
INSERT INTO GeoMountain (mountain, country, province) VALUES ('Illampu', 'BOL', 'Bolivia');
INSERT INTO GeoMountain (mountain, country, province) VALUES ('Illimani', 'BOL', 'Bolivia');
INSERT INTO GeoMountain (mountain, country, province) VALUES ('Sajama', 'BOL', 'Bolivia');
INSERT INTO GeoMountain (mountain, country, province) VALUES ('Licancabur', 'BOL', 'Bolivia');
INSERT INTO GeoMountain (mountain, country, province) VALUES ('Licancabur', 'RCH', 'Chile');
INSERT INTO GeoMountain (mountain, country, province) VALUES ('Llullaillaco', 'RA', 'Tucuman');
INSERT INTO GeoMountain (mountain, country, province) VALUES ('Llullaillaco', 'RCH', 'Chile');
INSERT INTO GeoMountain (mountain, country, province) VALUES ('Ojos del Salado', 'RA', 'Tucuman');
INSERT INTO GeoMountain (mountain, country, province) VALUES ('Ojos del Salado', 'RCH', 'Chile');
INSERT INTO GeoMountain (mountain, country, province) VALUES ('Monte Pissis', 'RA', 'La Rioja');
INSERT INTO GeoMountain (mountain, country, province) VALUES ('Monte Pissis', 'RA', 'Tucuman');
INSERT INTO GeoMountain (mountain, country, province) VALUES ('Aconcagua', 'RA', 'Mendoza');
INSERT INTO GeoMountain (mountain, country, province) VALUES ('Tupungato', 'RA', 'Mendoza');
INSERT INTO GeoMountain (mountain, country, province) VALUES ('Pico de Agulhas Negras', 'BR', 'Minas Gerais');
INSERT INTO GeoMountain (mountain, country, province) VALUES ('Pico de Agulhas Negras', 'BR', 'Rio de Janeiro');

COMMIT;